Title,NetFlix,Genre,Year ,Premiere,Runtime,Language
The Polka King,NetFlix Original,Comedy drama,2018,12-Jan-18,1 h 34 min,English
Step Sisters,NetFlix Original,Comedy,2018,19-Jan-18,1 h 48 min,English
The Open House,NetFlix Original,Horror thriller,2018,19-Jan-18,1 h 34 min,English
A Futile and Stupid Gesture,NetFlix Original,Biographical / Comedy,2018,26-Jan-18,1 h 41 min,English
The Cloverfield Paradox,NetFlix Original,Science fiction,2018,4-Feb-18,1 h 42 min,English
When We First Met,NetFlix Original,Romantic comedy,2018,9-Feb-18,1 h 37 min,English
Love Per Square Foot,NetFlix Original,Romantic comedy,2018,14-Feb-18,2 h 13 min,Hindi
Irreplaceable You,NetFlix Original,Drama,2018,16-Feb-18,1 h 36 min,English
Mute,NetFlix Original,Science fiction / Mystery,2018,23-Feb-18,2 h 6 min,English
The Outsider,NetFlix Original,Crime drama,2018,9-Mar-18,2 h,English
Benji,NetFlix Original,Family,2018,16-Mar-18,1 h 27 min,English
"Game Over, Man!",NetFlix Original,Action / Comedy,2018,23-Mar-18,1 h 41 min,English
Paradox,NetFlix Original,Musical / Western / Fantasy,2018,23-Mar-18,1 h 13 min,English
Roxanne Roxanne,NetFlix Original,Biopic,2018,23-Mar-18,1 h 40 min,English
Happy Anniversary,NetFlix Original,Romantic comedy,2018,30-Mar-18,1 h 18 min,English
First Match,NetFlix Original,Sports-drama,2018,30-Mar-18,1 h 42 min,English
6 Balloons,NetFlix Original,Drama,2018,6-Apr-18,1 h 15 min,English
Amateur,NetFlix Original,Sports-drama,2018,6-Apr-18,1 h 36 min,English
Come Sunday,NetFlix Original,Biopic,2018,13-Apr-18,1 h 45 min,English
I Am Not an Easy Man,NetFlix Original,Romantic comedy,2018,13-Apr-18,1 h 38 min,French
Dude,NetFlix Original,Teen comedy-drama,2018,20-Apr-18,1 h 37 min,English
Candy Jar,NetFlix Original,Comedy,2018,27-Apr-18,1 h 32 min,English
The Week Of,NetFlix Original,Comedy,2018,27-Apr-18,1 h 56 min,English
Sometimes,NetFlix Original,Drama,2018,1-May-18,1 h 41 min,Tamil
Forgive Us Our Debts,NetFlix Original,Drama,2018,4-May-18,1 h 44 min,Italian
The Kissing Booth,NetFlix Original,Romantic comedy,2018,11-May-18,1 h 46 min,English
Cargo,NetFlix Original,Drama / Horror,2018,18-May-18,1 h 44 min,English
Ibiza,NetFlix Original,Comedy,2018,25-May-18,1 h 34 min,English
Alex Strangelove,NetFlix Original,Romantic comedy,2018,8-Jun-18,1 h 39 min,English
Set It Up,NetFlix Original,Romantic comedy,2018,15-Jun-18,1 h 45 min,English
Lust Stories,NetFlix Original,Drama,2018,15-Jun-18,2 h,Hindi
"To Each, Her Own",NetFlix Original,Romantic comedy,2018,24-Jun-18,1 h 35 min,French
Calibre,NetFlix Original,Thriller,2018,29-Jun-18,1 h 41 min,English
TAU,NetFlix Original,Science fiction / Thriller,2018,29-Jun-18,1 h 37 min,English
The Legacy of a Whitetail Deer Hunter,NetFlix Original,Adventure / Comedy,2018,6-Jul-18,1 h 23 min,English
How It Ends,NetFlix Original,Action-thriller,2018,13-Jul-18,1 h 53 min,English
Father of the Year,NetFlix Original,Comedy,2018,20-Jul-18,1 h 34 min,English
Extinction,NetFlix Original,Science fiction / Thriller,2018,27-Jul-18,1 h 35 min,English
Brij Mohan Amar Rahe,NetFlix Original,Comedy,2018,3-Aug-18,1 h 40 min,Hindi
Like Father,NetFlix Original,Comedy,2018,3-Aug-18,1 h 43 min,English
The Package,NetFlix Original,Black comedy,2018,10-Aug-18,1 h 34 min,English
To All the Boys I’ve Loved Before,NetFlix Original,Romantic comedy,2018,17-Aug-18,1 h 40 min,English
The After Party,NetFlix Original,Comedy,2018,24-Aug-18,1 h 29 min,English
Sierra Burgess Is a Loser,NetFlix Original,Romantic comedy-drama,2018,7-Sep-18,1 h 46 min,English
The Most Assassinated Woman in the World,NetFlix Original,Thriller,2018,7-Sep-18,1 h 42 min,French
On My Skin,NetFlix Original,Crime drama,2018,12-Sep-18,1 h 40 min,Italian
The Land of Steady Habits,NetFlix Original,Drama,2018,14-Sep-18,1 h 38 min,English
The Angel,NetFlix Original,Spy thriller,2018,14-Sep-18,1 h 54 min,English
Nappily Ever After,NetFlix Original,Comedy drama,2018,21-Sep-18,1 h 38 min,English
Hold the Dark,NetFlix Original,Thriller,2018,28-Sep-18,2 h 5 min,English
Malevolent,NetFlix Original,Horror-thriller,2018,5-Oct-18,1 h 28 min,English
Private Life,NetFlix Original,Drama,2018,5-Oct-18,2 h 4 min,English
22-Jul,NetFlix Original,Drama,2018,10-Oct-18,2 h 24 min,English
Apostle,NetFlix Original,Horror-thriller,2018,12-Oct-18,2 h 10 min,English
The Night Comes for Us,NetFlix Original,Action-thriller,2018,19-Oct-18,2 h,Indonesian
Been So Long,NetFlix Original,Musical,2018,26-Oct-18,1 h 40 min,English
The Holiday Calendar,NetFlix Original,Romantic comedy,2018,2-Nov-18,1 h 35 min,English
The Other Side of the Wind,NetFlix Original,Drama,2018,2-Nov-18,2 h 2 min,English
Outlaw King,NetFlix Original,Historical-epic,2018,9-Nov-18,2 h 1 min,English
The Princess Switch,NetFlix Original,Romantic comedy,2018,16-Nov-18,1 h 42 min,English
Cam,NetFlix Original,Psychological horror,2018,16-Nov-18,1 h 34 min,English
The Ballad of Buster Scruggs,NetFlix Original,Western,2018,16-Nov-18,2 h 13 min,English
The Christmas Chronicles,NetFlix Original,Christmas / Fantasy / Adventure / Comedy,2018,22-Nov-18,1 h 45 min,English
A Christmas Prince: The Royal Wedding,NetFlix Original,Romantic comedy,2018,30-Nov-18,1 h 33 min,English
Rajma Chawal,NetFlix Original,Comedy drama,2018,30-Nov-18,1 h 58 min,Hindi
5 Star Christmas,NetFlix Original,Comedy,2018,7-Dec-18,1 h 35 min,Italian
Mowgli: Legend of the Jungle,NetFlix Original,Adventure,2018,7-Dec-18,1 h 44 min,English
Roma,NetFlix Original,Drama,2018,14-Dec-18,2 h 14 min,Spanish
Bird Box,NetFlix Original,Psychological thriller,2018,21-Dec-18,2 h 4 min,English
Lionheart,NetFlix Original,Comedy,2019,4-Jan-19,1 h 34 min,English
The Last Laugh,NetFlix Original,Comedy drama,2019,11-Jan-19,1 h 38 min,English
IO,NetFlix Original,Science fiction / Drama,2019,18-Jan-19,1 h 36 min,English
Soni,NetFlix Original,Crime drama,2019,18-Jan-19,1 h 37 min,Hindi
Polar,NetFlix Original,Action,2019,25-Jan-19,1 h 58 min,English
Velvet Buzzsaw,NetFlix Original,Thriller,2019,1-Feb-19,1 h 52 min,English
High Flying Bird,NetFlix Original,Sports-drama,2019,8-Feb-19,1 h 30 min,English
Firebrand,NetFlix Original,Drama,2019,22-Feb-19,1 h 56 min,Marathi
Paris Is Us,NetFlix Original,Romance drama,2019,22-Feb-19,1 h 24 min,French
Paddleton,NetFlix Original,Drama-Comedy,2019,22-Feb-19,1 h 29 min,English
Walk. Ride. Rodeo.,NetFlix Original,Drama,2019,8-Mar-19,1 h 39 min,English
Juanita,NetFlix Original,Drama,2019,8-Mar-19,1 h 30 min,English
Triple Frontier,NetFlix Original,Action-thriller,2019,13-Mar-19,2 h 5 min,English
Altered Carbon: Resleeved,NetFlix Original,Anime/Science fiction,2020,19-Mar-20,1 h 14 min,Japanese
The Dirt,NetFlix Original,Biopic,2019,22-Mar-19,1 h 48 min,English
The Highwaymen,NetFlix Original,Crime drama,2019,29-Mar-19,2 h 12 min,English
15-Aug,NetFlix Original,Comedy drama,2019,29-Mar-19,2 h 4 min,Marathi
Unicorn Store,NetFlix Original,Comedy,2019,5-Apr-19,1 h 31 min,English
Who Would You Take to a Deserted Island?,NetFlix Original,Drama,2019,12-Apr-19,1 h 33 min,Spanish
The Perfect Date,NetFlix Original,Romantic comedy,2019,12-Apr-19,1 h 30 min,English
Someone Great,NetFlix Original,Romantic comedy,2019,19-Apr-19,1 h 32 min,English
Music Teacher,NetFlix Original,Drama,2019,19-Apr-19,1 h 41 min,Hindi
Despite Everything,NetFlix Original,Comedy,2019,3-May-19,1 h 18 min,Spanish
The Last Summer,NetFlix Original,Romantic comedy,2019,3-May-19,1 h 49 min,English
Wine Country,NetFlix Original,Comedy,2019,10-May-19,1 h 43 min,English
Good Sam,NetFlix Original,Drama,2019,16-May-19,1 h 30 min,English
See You Yesterday,NetFlix Original,Science fiction,2019,17-May-19,1 h 27 min,English
Rim of the World,NetFlix Original,Science fiction adventure,2019,24-May-19,1 h 39 min,English
The Perfection,NetFlix Original,Horror-thriller,2019,24-May-19,1 h 30 min,English
Always Be My Maybe,NetFlix Original,Romantic comedy,2019,31-May-19,1 h 42 min,English
Chopsticks,NetFlix Original,Comedy,2019,31-May-19,1 h 40 min,Hindi
Elisa & Marcela,NetFlix Original,Romance,2019,7-Jun-19,1 h 58 min,Spanish
Murder Mystery,NetFlix Original,Comedy mystery,2019,14-Jun-19,1 h 37 min,English
Beats,NetFlix Original,Drama,2019,19-Jun-19,1 h 50 min,English
Point Blank,NetFlix Original,Action,2019,12-Jul-19,1 h 26 min,English
Secret Obsession,NetFlix Original,Thriller,2019,18-Jul-19,1 h 37 min,English
The Red Sea Diving Resort,NetFlix Original,Spy thriller,2019,31-Jul-19,2 h 10 min,English
Otherhood,NetFlix Original,Comedy,2019,2-Aug-19,1 h 40 min,English
Jaoon Kahan Bata Ae Dil,NetFlix Original,Drama,2019,9-Aug-19,1 h 46 min,Hindi
Invader Zim: Enter the Florpus,NetFlix Original,Animation / Science fiction,2019,16-Aug-19,1 h 11 min,English
Sextuplets,NetFlix Original,Comedy,2019,16-Aug-19,1 h 39 min,English
Falling Inn Love,NetFlix Original,Romantic comedy,2019,29-Aug-19,1 h 38 min,English
Back to School,NetFlix Original,Comedy,2019,30-Aug-19,1 h 23 min,French
Tall Girl,NetFlix Original,Comedy drama,2019,13-Sep-19,1 h 42 min,English
Between Two Ferns: The Movie,NetFlix Original,Comedy,2019,20-Sep-19,1 h 22 min,English
In the Shadow of the Moon,NetFlix Original,Thriller,2019,27-Sep-19,1 h 55 min,English
In the Tall Grass,NetFlix Original,Horror,2019,4-Oct-19,1 h 41 min,English
El Camino: A Breaking Bad Movie,NetFlix Original,Crime drama,2019,11-Oct-19,2 h 2 min,English
Fractured,NetFlix Original,Thriller,2019,11-Oct-19,1 h 40 min,English
The Forest of Love,NetFlix Original,Drama,2019,11-Oct-19,2 h 31 min,Japanese
Street Flow,NetFlix Original,Drama,2019,12-Oct-19,1 h 36 min,French
Eli,NetFlix Original,Horror,2019,18-Oct-19,1 h 38 min,English
Seventeen,NetFlix Original,Coming-of-age comedy drama,2019,18-Oct-19,1 h 39 min,Spanish
The Laundromat,NetFlix Original,Comedy drama,2019,18-Oct-19,1 h 36 min,English
Upstarts,NetFlix Original,Drama,2019,18-Oct-19,1 h 52 min,Hindi
Dolemite Is My Name,NetFlix Original,Biopic,2019,25-Oct-19,1 h 58 min,English
Rattlesnake,NetFlix Original,Horror,2019,25-Oct-19,1 h 25 min,English
The King,NetFlix Original,Historical drama,2019,1-Nov-19,2 h 20 min,English
American Son,NetFlix Original,Drama,2019,1-Nov-19,1 h 30 min,English
Drive,NetFlix Original,Action,2019,1-Nov-19,1 h 59 min,Hindi
Holiday in the Wild,NetFlix Original,Adventure-romance,2019,1-Nov-19,1 h 26 min,English
Let It Snow,NetFlix Original,Romantic comedy,2019,8-Nov-19,1 h 33 min,English
Earthquake Bird,NetFlix Original,Mystery,2019,15-Nov-19,1 h 46 min,English
House Arrest,NetFlix Original,Comedy,2019,15-Nov-19,1 h 44 min,Hindi
Klaus,NetFlix Original,Animation / Christmas / Comedy / Adventure,2019,15-Nov-19,1 h 38 min,English
The Knight Before Christmas,NetFlix Original,Romantic comedy,2019,21-Nov-19,1 h 32 min,English
The Irishman,NetFlix Original,Crime drama,2019,27-Nov-19,3 h 29 min,English
Holiday Rush,NetFlix Original,Family film,2019,28-Nov-19,1 h 34 min,English
Dead Kids,NetFlix Original,Thriller,2019,1-Dec-19,1 h 34 min,Filipino
A Christmas Prince: The Royal Baby,NetFlix Original,Romantic comedy,2019,5-Dec-19,1 h 25 min,English
Marriage Story,NetFlix Original,Drama,2019,6-Dec-19,2 h 16 min,English
6 Underground,NetFlix Original,Action,2019,13-Dec-19,2 h 8 min,English
The Two Popes,NetFlix Original,Drama,2019,20-Dec-19,2 h 5 min,English
Como caído del cielo,NetFlix Original,Musical comedy,2019,24-Dec-19,1 h 57 min,Spanish
The App,NetFlix Original,Science fiction / Drama,2019,26-Dec-19,1 h 19 min,Italian
Ghost Stories,NetFlix Original,Horror anthology,2020,1-Jan-20,2 h 24 min,Hindi
A Fall from Grace,NetFlix Original,Thriller,2020,17-Jan-20,2 h,English
Airplane Mode,NetFlix Original,Comedy,2020,23-Jan-20,1 h 36 min,Portuguese
Horse Girl,NetFlix Original,Drama,2020,7-Feb-20,1 h 44 min,English
To All the Boys: P.S. I Still Love You,NetFlix Original,Romantic comedy,2020,12-Feb-20,1 h 42 min,English
Isi & Ossi,NetFlix Original,Romantic comedy,2020,14-Feb-20,1 h 53 min,German
The Last Thing He Wanted,NetFlix Original,Political thriller,2020,21-Feb-20,1 h 55 min,English
Yeh Ballet,NetFlix Original,Drama,2020,21-Feb-20,1 h 57 min,Hindi
All the Bright Places,NetFlix Original,Romance,2020,28-Feb-20,1 h 48 min,English
Guilty,NetFlix Original,Thriller,2020,6-Mar-20,1 h 59 min,Hindi
Spenser Confidential,NetFlix Original,Action comedy,2020,6-Mar-20,1 h 51 min,English
Lost Girls,NetFlix Original,Crime drama,2020,13-Mar-20,1 h 35 min,English
Ultras,NetFlix Original,Sports film,2020,20-Mar-20,1 h 49 min,Italian
The Occupant,NetFlix Original,Thriller,2020,25-Mar-20,1 h 43 min,Spanish
Maska,NetFlix Original,Romantic comedy,2020,27-Mar-20,1 h 51 min,Hindi
The Decline,NetFlix Original,Thriller,2020,27-Mar-20,1 h 23 min,French
Uncorked,NetFlix Original,Drama,2020,27-Mar-20,1 h 44 min,English
Coffee & Kareem,NetFlix Original,Action comedy,2020,3-Apr-20,1 h 28 min,English
The Main Event,NetFlix Original,Comedy,2020,10-Apr-20,1 h 43 min,English
Love Wedding Repeat,NetFlix Original,Romantic comedy,2020,10-Apr-20,1 h 40 min,English
Tigertail,NetFlix Original,Drama,2020,10-Apr-20,1 h 31 min,English
Earth and Blood,NetFlix Original,Action,2020,17-Apr-20,1 h 20 min,French
Rising High,NetFlix Original,Satire,2020,17-Apr-20,1 h 34 min,German
Sergio,NetFlix Original,Biopic,2020,17-Apr-20,1 h 58 min,English
The Willoughbys,NetFlix Original,Animation / Comedy / Adventure,2020,22-Apr-20,1 h 32 min,English
Time to Hunt,NetFlix Original,Thriller,2020,23-Apr-20,2 h 15 min,Korean
Extraction,NetFlix Original,Action,2020,24-Apr-20,1 h 57 min,English
Dangerous Lies,NetFlix Original,Thriller,2020,30-Apr-20,1 h 37 min,English
Rich in Love,NetFlix Original,Romantic comedy,2020,30-Apr-20,1 h 45 min,Portuguese
All Day and a Night,NetFlix Original,Drama,2020,1-May-20,2 h 1 min,English
Mrs. Serial Killer,NetFlix Original,Thriller,2020,1-May-20,1 h 47 min,Hindi
The Half of It,NetFlix Original,Romance,2020,1-May-20,1 h 45 min,English
The Wrong Missy,NetFlix Original,Comedy,2020,13-May-20,1 h 30 min,English
The Lovebirds,NetFlix Original,Romantic comedy,2020,22-May-20,1 h 27 min,English
I'm No Longer Here,NetFlix Original,Drama,2020,27-May-20,1 h 52 min,Spanish
Intuition,NetFlix Original,Thriller,2020,28-May-20,1 h 56 min,Spanish
Choked: Paisa Bolta Hai,NetFlix Original,Drama,2020,5-Jun-20,1 h 54 min,Hindi
The Last Days of American Crime,NetFlix Original,Heist film / Thriller,2020,5-Jun-20,2 h 29 min,English
Da 5 Bloods,NetFlix Original,War drama,2020,12-Jun-20,2 h 35 min,English
A Whisker Away,NetFlix Original,Anime / Fantasy,2020,18-Jun-20,1 h 45 min,Japanese
Feel the Beat,NetFlix Original,Family / Comedy drama,2020,19-Jun-20,1 h 49 min,English
Lost Bullet,NetFlix Original,Thriller,2020,19-Jun-20,1 h 33 min,French
One-Way to Tomorrow,NetFlix Original,Romance,2020,19-Jun-20,1 h 30 min,Turkish
Bulbbul,NetFlix Original,Horror,2020,24-Jun-20,1 h 34 min,Hindi
Nobody Knows I'm Here,NetFlix Original,Drama,2020,24-Jun-20,1 h 31 min,Spanish
Eurovision Song Contest: The Story of Fire Saga,NetFlix Original,Musical comedy,2020,26-Jun-20,2 h 3 min,English
Under the Riccione Sun,NetFlix Original,Romantic teenage drama,2020,1-Jul-20,1 h 42 min,Italian
Desperados,NetFlix Original,Romantic comedy,2020,3-Jul-20,1 h 46 min,English
The Old Guard,NetFlix Original,Superhero / Action,2020,10-Jul-20,2 h 5 min,English
The Players,NetFlix Original,Comedy,2020,15-Jul-20,1 h 28 min,Italian
Fatal Affair,NetFlix Original,Thriller,2020,16-Jul-20,1 h 29 min,English
The Larva Island Movie,NetFlix Original,Animation,2020,23-Jul-20,1 h 31 min,English
Offering to the Storm,NetFlix Original,Thriller,2020,24-Jul-20,2 h 19 min,Spanish
The Kissing Booth 2,NetFlix Original,Romantic comedy,2020,24-Jul-20,2 h 12 min,English
Seriously Single,NetFlix Original,Comedy,2020,31-Jul-20,1 h 47 min,English
Raat Akeli Hai,NetFlix Original,Thriller,2020,31-Jul-20,2 h 29 min,Hindi
Work It,NetFlix Original,Dance comedy,2020,7-Aug-20,1 h 33 min,English
Gunjan Saxena: The Kargil Girl,NetFlix Original,Drama,2020,12-Aug-20,1 h 52 min,Hindi
Project Power,NetFlix Original,Superhero,2020,14-Aug-20,1 h 53 min,English
Fearless,NetFlix Original,Animation / Superhero,2020,14-Aug-20,1 h 31 min,English
Crazy Awesome Teachers,NetFlix Original,Comedy drama,2020,17-Aug-20,1 h 41 min,Indonesian
The Crimes That Bind,NetFlix Original,Crime drama,2020,20-Aug-20,1 h 39 min,Spanish
The Sleepover,NetFlix Original,Comedy,2020,21-Aug-20,1 h 43 min,English
Class of '83,NetFlix Original,Drama,2020,21-Aug-20,1 h 38 min,Hindi
Dark Forces,NetFlix Original,Thriller,2020,21-Aug-20,1 h 21 min,Spanish
All Together Now,NetFlix Original,Drama,2020,28-Aug-20,1 h 33 min,English
Unknown Origins,NetFlix Original,Thriller,2020,28-Aug-20,1 h 36 min,Spanish
Freaks – You're One of Us,NetFlix Original,Supernatural drama,2020,2-Sep-20,1 h 32 min,German
"Love, Guaranteed",NetFlix Original,Romantic comedy,2020,3-Sep-20,1 h 31 min,English
I'm Thinking of Ending Things,NetFlix Original,Psychological thriller,2020,4-Sep-20,2 h 14 min,English
The Babysitter: Killer Queen,NetFlix Original,Comedy / Horror,2020,10-Sep-20,1 h 42 min,English
Dad Wanted,NetFlix Original,Family,2020,11-Sep-20,1 h 43 min,Spanish
The Devil All The Time,NetFlix Original,Psychological thriller,2020,16-Sep-20,2 h 18 min,English
The Paramedic,NetFlix Original,Thriller,2020,16-Sep-20,1 h 34 min,Spanish
Dolly Kitty Aur Woh Chamakte Sitare,NetFlix Original,Drama,2020,18-Sep-20,2 h,Hindi
Whipped,NetFlix Original,Romantic comedy,2020,18-Sep-20,1 h 37 min,Indonesian
The Boys in the Band,NetFlix Original,Drama,2020,30-Sep-20,2 h 2 min,English
All Because of You,NetFlix Original,Action comedy,2020,1-Oct-20,1 h 41 min,Malay
Òlòt?ré,NetFlix Original,Crime drama,2020,2-Oct-20,1 h 46 min,English
Serious Men,NetFlix Original,Drama,2020,2-Oct-20,1 h 54 min,Hindi
The Binding,NetFlix Original,Drama,2020,2-Oct-20,1 h 33 min,Italian
Vampires vs. the Bronx,NetFlix Original,Horror comedy,2020,2-Oct-20,1 h 25 min,English
You've Got This,NetFlix Original,Romantic comedy,2020,2-Oct-20,1 h 51 min,Spanish
Hubie Halloween,NetFlix Original,Comedy,2020,7-Oct-20,1 h 43 min,English
Ginny Weds Sunny,NetFlix Original,Romantic comedy,2020,9-Oct-20,2 h 5 min,Hindi
The Forty-Year-Old Version,NetFlix Original,Comedy,2020,9-Oct-20,2 h 4 min,English
A Babysitter's Guide to Monster Hunting,NetFlix Original,Comedy / Fantasy / Family,2020,15-Oct-20,1 h 38 min,English
Love Like the Falling Rain,NetFlix Original,Drama,2020,15-Oct-20,1 h 26 min,Indonesian
The Trial of the Chicago 7,NetFlix Original,Drama,2020,16-Oct-20,2 h 10 min,English
Rebecca,NetFlix Original,Romantic thriller,2020,21-Oct-20,2 h 3 min,English
Cadaver,NetFlix Original,Horror,2020,22-Oct-20,1 h 26 min,Norwegian
Over the Moon,NetFlix Original,Animation / Musical / Adventure,2020,23-Oct-20,1 h 40 min,English
Holidate,NetFlix Original,Romantic comedy / Christmas,2020,28-Oct-20,1 h 44 min,English
Nobody Sleeps in the Woods Tonight,NetFlix Original,Horror,2020,28-Oct-20,1 h 43 min,Polish
His House,NetFlix Original,Thriller,2020,30-Oct-20,1 h 33 min,English
Kaali Khuhi,NetFlix Original,Mystery,2020,30-Oct-20,1 h 30 min,Hindi
Rogue City,NetFlix Original,Crime drama,2020,30-Oct-20,1 h 56 min,French
The Day of the Lord,NetFlix Original,Drama,2020,30-Oct-20,1 h 33 min,Spanish
Operation Christmas Drop,NetFlix Original,Romantic comedy,2020,5-Nov-20,1 h 36 min,English
Citation,NetFlix Original,Drama,2020,6-Nov-20,2 h 31 min,English
What We Wanted,NetFlix Original,Drama,2020,11-Nov-20,1 h 33 min,German
Ludo,NetFlix Original,Anthology / Dark comedy,2020,12-Nov-20,2 h 30 min,Hindi
Jingle Jangle: A Christmas Journey,NetFlix Original,Family / Christmas musical,2020,13-Nov-20,1 h 59 min,English
The Life Ahead,NetFlix Original,Drama,2020,13-Nov-20,1 h 35 min,Italian
The Princess Switch: Switched Again,NetFlix Original,Romantic comedy,2020,19-Nov-20,1 h 37 min,English
Christmas on the Square,NetFlix Original,Christmas musical,2020,22-Nov-20,1 h 38 min,English
Hillbilly Elegy,NetFlix Original,Drama,2020,24-Nov-20,1 h 57 min,English
Notes for My Son,NetFlix Original,Drama,2020,24-Nov-20,1 h 23 min,Spanish
The Christmas Chronicles: Part Two,NetFlix Original,Christmas comedy,2020,25-Nov-20,1 h 55 min,English
The Beast,NetFlix Original,Drama,2020,27-Nov-20,1 h 39 min,Italian
The Call,NetFlix Original,Drama,2020,27-Nov-20,1 h 52 min,Korean
Finding Agnes,NetFlix Original,Drama,2020,30-Nov-20,1 h 45 min,Filipino
Just Another Christmas,NetFlix Original,Comedy,2020,3-Dec-20,1 h 41 min,Portuguese
Christmas Crossfire,NetFlix Original,Thriller,2020,4-Dec-20,1 h 46 min,German
Leyla Everlasting,NetFlix Original,Comedy,2020,4-Dec-20,1 h 52 min,Turkish
Mank,NetFlix Original,Biopic,2020,4-Dec-20,2 h 12 min,English
The Claus Family,NetFlix Original,Fantasy,2020,7-Dec-20,1 h 37 min,Dutch
Rose Island,NetFlix Original,Comedy,2020,9-Dec-20,1 h 58 min,Italian
The Prom,NetFlix Original,Musical,2020,11-Dec-20,2 h 12 min,English
A California Christmas,NetFlix Original,Romantic comedy,2020,14-Dec-20,1 h 47 min,English
Ma Rainey's Black Bottom,NetFlix Original,Drama,2020,18-Dec-20,1 h 34 min,English
The Midnight Sky,NetFlix Original,Science fiction,2020,23-Dec-20,1 h 58 min,English
AK vs AK,NetFlix Original,Thriller,2020,24-Dec-20,1 h 49 min,Hindi
We Can Be Heroes,NetFlix Original,Superhero,2020,25-Dec-20,1 h 40 min,English
What Happened to Mr. Cha?,NetFlix Original,Comedy,2021,1-Jan-21,1 h 42 min,Korean
Pieces of a Woman,NetFlix Original,Drama,2021,8-Jan-21,2 h 6 min,English
Stuck Apart,NetFlix Original,Drama,2021,8-Jan-21,1 h 36 min,Turkish
The Heartbreak Club,NetFlix Original,Comedy drama,2021,14-Jan-21,1 h 41 min,Indonesian
Double Dad,NetFlix Original,Comedy drama,2021,15-Jan-21,1 h 45 min,Portuguese
Outside the Wire,NetFlix Original,Action / science fiction,2021,15-Jan-21,1 h 55 min,English
Tribhanga – Tedhi Medhi Crazy,NetFlix Original,Drama,2021,15-Jan-21,1 h 35 min,Hindi
The White Tiger,NetFlix Original,Drama,2021,22-Jan-21,2 h 5 min,English
June & Kopi,NetFlix Original,Drama,2021,28-Jan-21,1 h 30 min,Indonesian
Finding ?Ohana,NetFlix Original,Family,2021,29-Jan-21,2 h 3 min,English
The Dig,NetFlix Original,Drama,2021,29-Jan-21,1 h 52 min,English
Below Zero,NetFlix Original,Drama,2021,29-Jan-21,1 h 46 min,Spanish
The Last Paradiso,NetFlix Original,Romantic drama,2021,5-Feb-21,1 h 47 min,Italian
Malcolm & Marie,NetFlix Original,Romantic drama,2021,5-Feb-21,1 h 46 min,English
Space Sweepers,NetFlix Original,Science fiction,2021,5-Feb-21,2 h 16 min,Korean
The Misadventures of Hedi and Cokeman,NetFlix Original,Comedy,2021,10-Feb-21,1 h 39 min,French
Red Dot,NetFlix Original,Thriller,2021,11-Feb-21,1 h 26 min,Swedish
Squared Love,NetFlix Original,Romantic comedy,2021,11-Feb-21,1 h 42 min,Polish
To All the Boys: Always and Forever,NetFlix Original,Romantic comedy,2021,12-Feb-21,1 h 55 min,English
Geez & Ann,NetFlix Original,Romantic drama,2021,25-Feb-21,1 h 45 min,Indonesian
Crazy About Her,NetFlix Original,Romantic comedy,2021,26-Feb-21,1 h 42 min,Spanish
The Girl on the Train,NetFlix Original,Thriller,2021,26-Feb-21,2 h,Hindi
Moxie,NetFlix Original,Drama,2021,3-Mar-21,1 h 51 min,English
Sentinelle,NetFlix Original,Action,2021,5-Mar-21,1 h 20 min,French
Yes Day,NetFlix Original,Comedy,2021,12-Mar-21,1 h 29 min,English
Paper Lives,NetFlix Original,Drama,2021,12-Mar-21,1 h 37 min,Turkish
Get the Goat,NetFlix Original,Comedy,2021,18-Mar-21,1 h 38 min,Portuguese
Caught by a Wave,NetFlix Original,Romantic teen drama,2021,25-Mar-21,1 h 39 min,Italian
A Week Away,NetFlix Original,Christian musical,2021,26-Mar-21,1 h 37 min,English
Bad Trip,NetFlix Original,Hidden-camera prank comedy,2021,26-Mar-21,1 h 26 min,English
Pagglait,NetFlix Original,Comedy drama,2021,26-Mar-21,1 h 54 min,Hindi
Tersanjung the Movie,NetFlix Original,Drama,2021,1-Apr-21,1 h 54 min,Indonesian
Concrete Cowboy,NetFlix Original,Drama,2021,2-Apr-21,1 h 51 min,English
Just Say Yes,NetFlix Original,Romantic comedy,2021,2-Apr-21,1 h 37 min,Dutch
Madame Claude,NetFlix Original,Drama,2021,2-Apr-21,1 h 52 min,French
Have You Ever Seen Fireflies?,NetFlix Original,Comedy,2021,9-Apr-21,1 h 54 min,Turkish
Night in Paradise,NetFlix Original,Drama,2021,9-Apr-21,2 h 12 min,Korean
Thunder Force,NetFlix Original,Superhero comedy,2021,9-Apr-21,1 h 47 min,English
Prime Time,NetFlix Original,Thriller,2021,14-Apr-21,1 h 32 min,Polish
Ride or Die,NetFlix Original,Psychological thriller drama,2021,15-Apr-21,2 h 22 min,Japanese
Ajeeb Daastaans,NetFlix Original,Drama,2021,16-Apr-21,2 h 22 min,Hindi
Arlo the Alligator Boy,NetFlix Original,Animated musical comedy,2021,16-Apr-21,1 h 32 min,English
Get the Grift,NetFlix Original,Comedy,2021,28-Apr-21,1 h 35 min,Portuguese
Things Heard & Seen,NetFlix Original,Horror,2021,29-Apr-21,2 h 1 min,English
The Disciple,NetFlix Original,Drama,2021,30-Apr-21,2 h 8 min,Marathi
Milestone,NetFlix Original,Drama,2021,7-May-21,1 h 37 min,Hindi
Monster,NetFlix Original,Drama,2021,7-May-21,1 h 39 min,English
Oxygen,NetFlix Original,Science fiction thriller,2021,12-May-21,1 h 41 min,French
Ferry,NetFlix Original,Crime drama,2021,14-May-21,1 h 47 min,Dutch
I Am All Girls,NetFlix Original,Thriller,2021,14-May-21,1 h 47 min,English
The Woman in the Window,NetFlix Original,Psychological thriller,2021,14-May-21,1 h 41 min,English
Sardar Ka Grandson,NetFlix Original,Comedy,2021,18-May-21,2 h 19 min,Hindi
Army of the Dead,NetFlix Original,Zombie/heist,2021,21-May-21,2 h 28 min,English
Baggio: The Divine Ponytail,NetFlix Original,Biopic,2021,26-May-21,1 h 32 min,Italian
Ghost Lab,NetFlix Original,Horror,2021,26-May-21,1 h 57 min,Thai
Blue Miracle,NetFlix Original,Drama,2021,27-May-21,1 h 36 min,English
Carnaval,NetFlix Original,Comedy,2021,2-Jun-21,1 h 35 min,Portuguese
Dancing Queens,NetFlix Original,Drama,2021,3-Jun-21,1 h 51 min,Swedish
Sweet & Sour,NetFlix Original,Romantic drama,2021,4-Jun-21,1 h 42 min,Korean
Trippin' with the Kandasamys,NetFlix Original,Comedy,2021,4-Jun-21,1 h 33 min,English
Xtreme,NetFlix Original,Action,2021,4-Jun-21,1 h 52 min,Spanish
Awake,NetFlix Original,Science fiction thriller,2021,9-Jun-21,1 h 37 min,English
Tragic Jungle,NetFlix Original,Drama,2021,9-Jun-21,1 h 36 min,Spanish
Skater Girl,NetFlix Original,Coming-of-age sports drama,2021,11-Jun-21,1 h 49 min,Hindi
Ali & Ratu Ratu Queens,NetFlix Original,Comedy drama,2021,17-Jun-21,1 h 40 min,Indonesian
Jagame Thandhiram,NetFlix Original,Action thriller,2021,18-Jun-21,2 h 38 min,Tamil
Good on Paper,NetFlix Original,Comedy,2021,23-Jun-21,1 h 34 min,English
America: The Motion Picture,NetFlix Original,Animation / comedy / historical fiction,2021,30-Jun-21,1 h 38 min,English
Fear Street Part 1: 1994,NetFlix Original,Teen horror / slasher,2021,2-Jul-21,1 h 47 min,English
The 8th Night,NetFlix Original,Thriller film,2021,2-Jul-21,1 h 55 min,Korean
Haseen Dillruba,NetFlix Original,Romantic thriller,2021,2-Jul-21,2 h 15 min,Hindi
Fear Street Part 2: 1978,NetFlix Original,Teen horror / slasher,2021,9-Jul-21,1 h 50 min,English
Last Summer,NetFlix Original,Romantic drama,2021,9-Jul-21,1 h 41 min,Turkish
A Classic Horror Story,NetFlix Original,Horror,2021,14-Jul-21,1 h 35 min,Italian
A Perfect Fit,NetFlix Original,Romantic comedy / drama,2021,15-Jul-21,1 h 52 min,Indonesian
My Amanda,NetFlix Original,Romance,2021,15-Jul-21,1 h 29 min,Filipino
Deep,NetFlix Original,Science fiction,2021,16-Jul-21,1 h 41 min,Thai
Fear Street Part 3: 1666,NetFlix Original,Supernatural horror,2021,16-Jul-21,1 h 54 min,English
Trollhunters: Rise of the Titans,NetFlix Original,Animated fantasy,2021,21-Jul-21,1 h 46 min,English
Blood Red Sky,NetFlix Original,Thriller,2021,23-Jul-21,2 h 3 min,German
Bankrolled,NetFlix Original,Comedy,2021,23-Jul-21,1 h 37 min,Spanish
Bartkowiak,NetFlix Original,Action,2021,28-Jul-21,1 h 31 min,Polish
Resort to Love,NetFlix Original,Romantic comedy,2021,29-Jul-21,1 h 41 min,English
The Last Mercenary,NetFlix Original,Action comedy,2021,30-Jul-21,1 h 52 min,French
The Kissing Booth 3,NetFlix Original,Comedy drama,2021,11-Aug-21,1 h 53 min,English
Beckett,NetFlix Original,Action thriller,2021,13-Aug-21,1 h 50 min,English
Black Island,NetFlix Original,Thriller,2021,18-Aug-21,1 h 44 min,German
The Secret Diary of an Exchange Student,NetFlix Original,Romantic comedy,2021,18-Aug-21,1 h 36 min,Portuguese
Sweet Girl,NetFlix Original,Action,2021,20-Aug-21,1 h 50 min,English
The Loud House Movie,NetFlix Original,Animation/comedy,2021,20-Aug-21,1 h 27 min,English
The Witcher: Nightmare of the Wolf,NetFlix Original,Animated dark fantasy,2021,23-Aug-21,1 h 23 min,English
He's All That,NetFlix Original,Teen romantic comedy,2021,27-Aug-21,1 h 31 min,English
Afterlife of the Party,NetFlix Original,Comedy,2021,2-Sep-21,1 h 49 min,English
JJ+E,NetFlix Original,Romance,2021,8-Sep-21,1 h 31 min,Swedish
Kate,NetFlix Original,Action thriller,2021,10-Sep-21,1 h 46 min,English
Prey,NetFlix Original,Thriller,2021,10-Sep-21,1 h 27 min,German
Nightbooks,NetFlix Original,Fantasy/horror,2021,15-Sep-21,1 h 40 min,English
Ankahi Kahaniya,NetFlix Original,Anthology film,2021,17-Sep-21,1 h 50 min,Hindi
Confessions of an Invisible Girl,NetFlix Original,Drama,2021,22-Sep-21,1 h 31 min,Portuguese
Intrusion,NetFlix Original,Thriller,2021,22-Sep-21,1 h 33 min,English
The Starling,NetFlix Original,Comedy drama,2021,24-Sep-21,1 h 44 min,English
Friendzone,NetFlix Original,Romantic comedy,2021,29-Sep-21,1 h 28 min,French
No One Gets Out Alive,NetFlix Original,Horror,2021,29-Sep-21,1 h 25 min,English
Sounds Like Love,NetFlix Original,Romantic comedy,2021,29-Sep-21,1 h 50 min,Spanish
Diana: The Musical,NetFlix Original,Musical,2021,1-Oct-21,1 h 57 min,English
Forever Rich,NetFlix Original,Thriller,2021,1-Oct-21,1 h 30 min,Dutch
Swallow,NetFlix Original,Drama,2021,1-Oct-21,2 h 8 min,English
The Guilty,NetFlix Original,Thriller,2021,1-Oct-21,1 h 31 min,English
There's Someone Inside Your House,NetFlix Original,Slasher,2021,6-Oct-21,1 h 36 min,English
Grudge,NetFlix Original,Thriller,2021,8-Oct-21,1 h 46 min,Turkish
"My Brother, My Sister",NetFlix Original,Drama,2021,8-Oct-21,1 h 50 min,Italian
Bright: Samurai Soul,NetFlix Original,Anime/fantasy,2021,12-Oct-21,1 h 20 min,Japanese
Fever Dream,NetFlix Original,Drama,2021,13-Oct-21,1 h 33 min,Spanish
Operation Hyacinth,NetFlix Original,Drama,2021,13-Oct-21,1 h 52 min,Polish
A World Without,NetFlix Original,Science fiction / teen drama,2021,14-Oct-21,1 h 47 min,Indonesian
The Four of Us,NetFlix Original,Comedy,2021,15-Oct-21,1 h 28 min,German
Night Teeth,NetFlix Original,Thriller,2021,20-Oct-21,1 h 48 min,English
Stuck Together,NetFlix Original,Comedy,2021,20-Oct-21,2 h 6 min,French
Little Big Mouth,NetFlix Original,Romantic comedy,2021,22-Oct-21,1 h 34 min,English
Hypnotic,NetFlix Original,Thriller,2021,27-Oct-21,1 h 29 min,English
Nobody Sleeps in the Woods Tonight Part 2,NetFlix Original,Horror,2021,27-Oct-21,1 h 37 min,Polish
Army of Thieves,NetFlix Original,Romantic comedy / heist,2021,29-Oct-21,2 h 9 min,English
The Harder They Fall,NetFlix Original,Western,2021,3-Nov-21,2 h 19 min,English
Love Hard,NetFlix Original,Romantic comedy,2021,5-Nov-21,1 h 46 min,English
Meenakshi Sundareshwar,NetFlix Original,Romantic comedy,2021,5-Nov-21,2 h 21 min,Hindi
We Couldn't Become Adults,NetFlix Original,Drama,2021,5-Nov-21,2 h 4 min,Japanese
Yara,NetFlix Original,Drama,2021,5-Nov-21,1 h 36 min,Italian
Father Christmas Is Back,NetFlix Original,Comedy,2021,7-Nov-21,1 h 45 min,English
Happiness Ever After,NetFlix Original,Romantic drama,2021,10-Nov-21,1 h 39 min,English
Passing,NetFlix Original,Drama,2021,10-Nov-21,1 h 39 min,English
7 Prisoners,NetFlix Original,Drama,2021,11-Nov-21,1 h 34 min,Portuguese
Red Notice,NetFlix Original,Action comedy,2021,12-Nov-21,1 h 57 min,English
Just Short of Perfect,NetFlix Original,Romantic comedy,2021,18-Nov-21,1 h 34 min,Portuguese
The Princess Switch 3: Romancing the Star,NetFlix Original,Romantic comedy,2021,18-Nov-21,1 h 46 min,English
Dhamaka,NetFlix Original,Action thriller,2021,19-Nov-21,1 h 44 min,Hindi
Love Me Instead,NetFlix Original,Drama,2021,19-Nov-21,2 h 4 min,Turkish
"Tick, Tick... Boom!",NetFlix Original,Musical,2021,19-Nov-21,1 h 55 min,English
Bruised,NetFlix Original,Drama,2021,24-Nov-21,2 h 12 min,English
A Castle for Christmas,NetFlix Original,Romantic comedy,2021,26-Nov-21,1 h 39 min,English
The Power of the Dog,NetFlix Original,Drama,2021,1-Dec-21,2 h 8 min,English
Single All the Way,NetFlix Original,Holiday romantic comedy,2021,2-Dec-21,1 h 41 min,English
The Whole Truth,NetFlix Original,Horror,2021,2-Dec-21,2 h 5 min,Thai
Mixtape,NetFlix Original,Coming-of-age comedy-drama,2021,3-Dec-21,1 h 37 min,English
David and the Elves,NetFlix Original,Fantasy,2021,6-Dec-21,1 h 46 min,Polish
The Claus Family 2,NetFlix Original,Fantasy,2021,7-Dec-21,1 h 37 min,Dutch
Asakusa Kid,NetFlix Original,Drama,2021,9-Dec-21,2 h 3 min,Japanese
Anonymously Yours,NetFlix Original,Romantic comedy,2021,10-Dec-21,1 h 41 min,Spanish
Back to the Outback,NetFlix Original,Animation,2021,10-Dec-21,1 h 35 min,English
The Unforgivable,NetFlix Original,Drama,2021,10-Dec-21,1 h 54 min,English
The Hand of God,NetFlix Original,Drama,2021,15-Dec-21,2 h 10 min,Italian
A California Christmas: City Lights,NetFlix Original,Romantic comedy,2021,16-Dec-21,1 h 30 min,English
A Naija Christmas,NetFlix Original,Romantic comedy,2021,16-Dec-21,2 h 1 min,English
Grumpy Christmas,NetFlix Original,Comedy,2021,21-Dec-21,1 h 27 min,Spanish
1000 Miles from Christmas,NetFlix Original,Christmas film,2021,24-Dec-21,1 h 42 min,Spanish
Don't Look Up,NetFlix Original,Science fiction comedy,2021,24-Dec-21,2 h 18 min,English
Minnal Murali,NetFlix Original,Superhero,2021,24-Dec-21,2 h 39 min,Malayalam
Lulli,NetFlix Original,Comedy,2021,26-Dec-21,1 h 30 min,Portuguese
Hilda and the Mountain King,NetFlix Original,Animation/fantasy,2021,30-Dec-21,1 h 24 min,English
Four to Dinner,NetFlix Original,Romantic comedy,2022,5-Jan-22,1 h 30 min,Italian
The Wasteland,NetFlix Original,Horror,2022,6-Jan-22,1 h 32 min,Spanish
How I Fell in Love with a Gangster,NetFlix Original,Drama,2022,12-Jan-22,2 h 59 min,Polish
Brazen,NetFlix Original,Romantic thriller,2022,13-Jan-22,1 h 36 min,English
Photocopier,NetFlix Original,Coming-of-age drama,2022,13-Jan-22,2 h 10 min,Indonesian
This Is Not a Comedy,NetFlix Original,Comedy drama,2022,14-Jan-22,1 h 45 min,Spanish
The Royal Treatment,NetFlix Original,Romance,2022,20-Jan-22,1 h 37 min,English
Amandla,NetFlix Original,Drama,2022,21-Jan-22,1 h 46 min,English
Munich – The Edge of War,NetFlix Original,Historical drama / thriller,2022,21-Jan-22,2 h 11 min,English
My Father's Violin,NetFlix Original,Drama,2022,21-Jan-22,1 h 52 min,Turkish
Home Team,NetFlix Original,Sports comedy,2022,28-Jan-22,1 h 37 min,English
Looop Lapeta,NetFlix Original,Romantic thriller,2022,4-Feb-22,2 h 11 min,Hindi
Through My Window,NetFlix Original,Drama,2022,4-Feb-22,1 h 53 min,Spanish
The Privilege,NetFlix Original,Horror,2022,9-Feb-22,1 h 47 min,German
Into the Wind,NetFlix Original,Romantic drama,2022,10-Feb-22,1 h 48 min,Polish
Bigbug,NetFlix Original,Science fiction comedy,2022,11-Feb-22,1 h 51 min,French
Love and Leashes,NetFlix Original,Romantic comedy,2022,11-Feb-22,1 h 58 min,Korean
Love Tactics,NetFlix Original,Romantic comedy,2022,11-Feb-22,1 h 38 min,Turkish
Tall Girl 2,NetFlix Original,Teen romantic comedy,2022,11-Feb-22,1 h 41 min,English
Fistful of Vengeance,NetFlix Original,Supernatural martial arts drama,2022,17-Feb-22,1 h 36 min,English
Texas Chainsaw Massacre,NetFlix Original,Slasher,2022,18-Feb-22,1 h 23 min,English
UFO,NetFlix Original,Drama,2022,23-Feb-22,1 h 50 min,Turkish
A Madea Homecoming,NetFlix Original,Comedy,2022,25-Feb-22,1 h 47 min,English
Restless,NetFlix Original,Action thriller,2022,25-Feb-22,1 h 36 min,French
Against the Ice,NetFlix Original,Survival,2022,2-Mar-22,1 h 43 min,English
The Weekend Away,NetFlix Original,Thriller,2022,3-Mar-22,1 h 31 min,English
The Invisible Thread,NetFlix Original,Comedy drama,2022,4-Mar-22,1 h 30 min,Italian
The Adam Project,NetFlix Original,Science fiction,2022,11-Mar-22,1 h 46 min,English
Rescued by Ruby,NetFlix Original,Drama,2022,17-Mar-22,1 h 33 min,English
Black Crab,NetFlix Original,Thriller,2022,18-Mar-22,1 h 54 min,Swedish
Without Saying Goodbye,NetFlix Original,Romantic comedy,2022,18-Mar-22,1 h 36 min,Spanish
Windfall,NetFlix Original,Thriller,2022,18-Mar-22,1 h 32 min,English
In Good Hands,NetFlix Original,Romantic comedy,2022,21-Mar-22,1 h 44 min,Turkish
Love Like the Falling Petals,NetFlix Original,Drama,2022,24-Mar-22,2 h 9 min,Japanese
All Hail,NetFlix Original,Drama,2022,30-Mar-22,1 h 58 min,Spanish
Apollo 10 1?2: A Space Age Childhood,NetFlix Original,Animation,2022,1-Apr-22,1 h 38 min,English
Battle: Freestyle,NetFlix Original,Romantic drama,2022,1-Apr-22,1 h 28 min,Norwegian
The Bubble,NetFlix Original,Comedy,2022,1-Apr-22,2 h 6 min,English
Cobalt Blue,NetFlix Original,Romantic drama,2022,2-Apr-22,1 h 52 min,Hindi
Dancing on Glass,NetFlix Original,Drama,2022,8-Apr-22,2 h 19 min,Spanish
Metal Lords,NetFlix Original,Musical comedy drama,2022,8-Apr-22,1 h 38 min,English
Yaksha: Ruthless Operations,NetFlix Original,Spy,2022,8-Apr-22,2 h 5 min,Korean
The Taming of the Shrewd,NetFlix Original,Comedy,2022,13-Apr-22,1 h 52 min,Polish
Choose or Die,NetFlix Original,Horror,2022,15-Apr-22,1 h 25 min,English
Man of God,NetFlix Original,Drama,2022,16-Apr-22,1 h 51 min,English
The Turning Point,NetFlix Original,Drama,2022,20-Apr-22,1 h 30 min,Italian
365 Days: This Day,NetFlix Original,Erotic thriller,2022,27-Apr-22,1 h 51 min,English
Silverton Siege,NetFlix Original,Action thriller,2022,27-Apr-22,1 h 41 min,English
Bubble,NetFlix Original,Anime,2022,28-Apr-22,1 h 41 min,Japanese
Honeymoon with My Mother,NetFlix Original,Comedy,2022,29-Apr-22,1 h 50 min,Spanish
Rumspringa – An Amish in Berlin,NetFlix Original,Comedy,2022,29-Apr-22,1 h 42 min,German
Along for the Ride,NetFlix Original,Drama,2022,6-May-22,1 h 47 min,English
The Takedown,NetFlix Original,Action comedy,2022,6-May-22,2 h 1 min,French
Thar,NetFlix Original,Western thriller,2022,6-May-22,1 h 48 min,Hindi
Senior Year,NetFlix Original,Comedy,2022,13-May-22,1 h 53 min,English
Toscana,NetFlix Original,Drama,2022,18-May-22,1 h 30 min,Danish
A Perfect Pairing,NetFlix Original,Romantic comedy,2022,19-May-22,1 h 42 min,English
F*ck Love Too,NetFlix Original,Comedy,2022,20-May-22,1 h 32 min,Dutch
Godspeed,NetFlix Original,Drama,2022,23-May-22,1 h 59 min,Turkish
Interceptor,NetFlix Original,Action drama,2022,3-Jun-22,1 h 38 min,English
Hustle,NetFlix Original,Sports,2022,8-Jun-22,1 h 58 min,English
Trees of Peace,NetFlix Original,Drama,2022,10-Jun-22,1 h 38 min,English
Centauro,NetFlix Original,Action thriller,2022,15-Jun-22,1 h 30 min,Spanish
Heart Parade,NetFlix Original,Romantic comedy,2022,15-Jun-22,1 h 48 min,Polish
The Wrath of God,NetFlix Original,Thriller,2022,15-Jun-22,1 h 38 min,Spanish
Spiderhead,NetFlix Original,Science fiction action thriller,2022,17-Jun-22,1 h 47 min,English
Doom of Love,NetFlix Original,Drama,2022,20-Jun-22,1 h 40 min,Turkish
Love & Gelato,NetFlix Original,Romance,2022,22-Jun-22,1 h 52 min,English
Blasted,NetFlix Original,Science fiction / comedy,2022,28-Jun-22,1 h 55 min,Norwegian
Beauty,NetFlix Original,Drama,2022,29-Jun-22,1 h 35 min,English
"Hello, Goodbye, and Everything in Between",NetFlix Original,Romantic comedy,2022,6-Jul-22,1 h 24 min,English
Dangerous Liaisons,NetFlix Original,Romantic drama,2022,8-Jul-22,1 h 49 min,French
Jewel,NetFlix Original,Drama,2022,8-Jul-22,1 h 20 min,English
The Sea Beast,NetFlix Original,Animated adventure,2022,8-Jul-22,1 h 59 min,English
For Jojo,NetFlix Original,Drama,2022,11-Jul-22,1 h 30 min,German
Under the Amalfi Sun,NetFlix Original,Comedy drama,2022,13-Jul-22,1 h 30 min,Italian
Love Goals,NetFlix Original,Comedy,2022,15-Jul-22,2 h 47 min,Hindi
Persuasion,NetFlix Original,Drama,2022,15-Jul-22,1 h 49 min,English
The Gray Man,NetFlix Original,Spy thriller,2022,22-Jul-22,2 h 9 min,English
Recurrence,NetFlix Original,Thriller,2022,27-Jul-22,1 h 56 min,Spanish
A Cut Above,NetFlix Original,Comedy,2022,28-Jul-22,1 h 31 min,Portuguese
The Entitled,NetFlix Original,Romantic comedy,2022,29-Jul-22,1 h 30 min,Filipino
Purple Hearts,NetFlix Original,Romance,2022,29-Jul-22,2 h 2 min,English
Buba,NetFlix Original,Comedy,2022,3-Aug-22,1 h 34 min,German
Don't Blame Karma!,NetFlix Original,Romantic comedy,2022,3-Aug-22,1 h 25 min,Spanish
Wedding Season,NetFlix Original,Comedy,2022,4-Aug-22,1 h 37 min,English
Carter,NetFlix Original,Action,2022,5-Aug-22,2 h 14 min,Korean
Darlings,NetFlix Original,Comedy drama,2022,5-Aug-22,2 h 14 min,Hindi
Rise of the Teenage Mutant Ninja Turtles: The Movie,NetFlix Original,Animated action-adventure,2022,5-Aug-22,1 h 22 min,English
Heartsong,NetFlix Original,Romantic comedy,2022,10-Aug-22,1 h 35 min,Turkish
13: The Musical,NetFlix Original,Musical,2022,12-Aug-22,1 h 34 min,English
Day Shift,NetFlix Original,Fantasy comedy,2022,12-Aug-22,1 h 53 min,English
Look Both Ways,NetFlix Original,Romantic comedy,2022,17-Aug-22,1 h 51 min,English
Royalteen,NetFlix Original,Coming-of-age,2022,17-Aug-22,1 h 48 min,Norwegian
The Next 365 Days,NetFlix Original,Erotic thriller,2022,19-Aug-22,1 h 53 min,English
That's Amor,NetFlix Original,Romantic comedy,2022,25-Aug-22,1 h 36 min,English
Loving Adults,NetFlix Original,Thriller,2022,26-Aug-22,1 h 45 min,Danish
Me Time,NetFlix Original,Comedy,2022,26-Aug-22,1 h 44 min,English
Seoul Vibe,NetFlix Original,Action,2022,26-Aug-22,2 h 20 min,Korean
I Came By,NetFlix Original,Thriller,2022,31-Aug-22,1 h 50 min,English
Fenced in,NetFlix Original,Comedy,2022,1-Sep-22,1 h 50 min,Portuguese
Love in the Villa,NetFlix Original,Romantic comedy,2022,1-Sep-22,1 h 55 min,English
The Festival of Troubadours,NetFlix Original,Drama,2022,2-Sep-22,1 h 42 min,Turkish
End of the Road,NetFlix Original,Crime thriller,2022,9-Sep-22,1 h 31 min,English
No Limit,NetFlix Original,Thriller,2022,9-Sep-22,1 h 58 min,French
Broad Peak,NetFlix Original,Thriller,2022,14-Sep-22,1 h 42 min,Polish
Do Revenge,NetFlix Original,Black comedy,2022,16-Sep-22,1 h 58 min,English
Drifting Home,NetFlix Original,Anime,2022,16-Sep-22,2 h,Japanese
I Used to Be Famous,NetFlix Original,Musical drama,2022,16-Sep-22,1 h 44 min,English
Jogi,NetFlix Original,Drama,2022,16-Sep-22,1 h 56 min,Hindi
The Perfumier,NetFlix Original,Crime drama,2022,21-Sep-22,1 h 36 min,German
A Jazzman's Blues,NetFlix Original,Drama,2022,23-Sep-22,2 h 8 min,English
Lou,NetFlix Original,Thriller,2022,23-Sep-22,1 h 47 min,English
Athena,NetFlix Original,Drama,2022,23-Sep-22,1 h 37 min,French
Blonde,NetFlix Original,Biographical drama,2022,28-Sep-22,2 h 47 min,English
Aníkúlápó,NetFlix Original,Fantasy drama,2022,30-Sep-22,2 h 22 min,Yoruba
Plan A Plan B,NetFlix Original,Romantic comedy,2022,30-Sep-22,1 h 46 min,Hindi
Rainbow,NetFlix Original,Fantasy drama,2022,30-Sep-22,1 h 58 min,Spanish
Jumping from High Places,NetFlix Original,Drama,2022,5-Oct-22,1 h 28 min,Italian
Mr. Harrigan's Phone,NetFlix Original,Horror,2022,5-Oct-22,1 h 46 min,English
Togo,NetFlix Original,Thriller,2022,5-Oct-22,1 h 35 min,Spanish
Doll House,NetFlix Original,Drama,2022,7-Oct-22,1 h 46 min,Filipino
Luckiest Girl Alive,NetFlix Original,Mystery,2022,7-Oct-22,1 h 55 min,English
Old People,NetFlix Original,Horror,2022,7-Oct-22,1 h 41 min,German
Someone Borrowed,NetFlix Original,Romantic comedy,2022,11-Oct-22,1 h 47 min,Portuguese
The Curse of Bridge Hollow,NetFlix Original,Comedy,2022,14-Oct-22,1 h 31 min,English
The School for Good and Evil,NetFlix Original,Children's fantasy,2022,19-Oct-22,2 h 28 min,English
The Stranger,NetFlix Original,Thriller,2022,19-Oct-22,1 h 57 min,English
20th Century Girl,NetFlix Original,Romantic,2022,21-Oct-22,2 h 1 min,Korean
Hellhole,NetFlix Original,Horror,2022,26-Oct-22,1 h 30 min,Polish
Robbing Mussolini,NetFlix Original,Action comedy,2022,26-Oct-22,1 h 30 min,Italian
The Good Nurse,NetFlix Original,Drama,2022,26-Oct-22,2 h 3 min,English
Beyond the Universe,NetFlix Original,Romantic drama,2022,27-Oct-22,2 h 7 min,Portuguese
All Quiet on the Western Front,NetFlix Original,War drama,2022,28-Oct-22,2 h 28 min,German
Cici,NetFlix Original,Drama,2022,28-Oct-22,2 h 31 min,Turkish
Wendell & Wild,NetFlix Original,Stop motion fantasy horror comedy,2022,28-Oct-22,1 h 46 min,English
Wild Is the Wind,NetFlix Original,Crime drama,2022,28-Oct-22,2 h 3 min,English
The Takeover,NetFlix Original,Action / thriller,2022,1-Nov-22,1 h 28 min,Dutch
The Soccer Football Movie,NetFlix Original,Animation,2022,9-Nov-22,1 h 13 min,English
Falling for Christmas,NetFlix Original,Romantic comedy,2022,10-Nov-22,1 h 35 min,English
Lost Bullet 2: Back for More,NetFlix Original,Action,2022,10-Nov-22,1 h 40 min,French
Don't Leave,NetFlix Original,Drama,2022,11-Nov-22,1 h 47 min,Turkish
"Monica, O My Darling",NetFlix Original,Neo-noir comedy thriller,2022,11-Nov-22,2 h 10 min,Hindi
My Father's Dragon,NetFlix Original,Animated fantasy adventure,2022,11-Nov-22,1 h 43 min,English
The Lost Lotteries,NetFlix Original,Comedy,2022,16-Nov-22,1 h 46 min,Thai
The Wonder,NetFlix Original,Psychological drama,2022,16-Nov-22,1 h 49 min,English
Christmas with You,NetFlix Original,Romantic comedy,2022,17-Nov-22,1 h 30 min,English
Slumberland,NetFlix Original,Fantasy adventure,2022,18-Nov-22,2 h,English
Christmas on Mistletoe Farm,NetFlix Original,Comedy,2022,23-Nov-22,1 h 43 min,English
Lesson Plan,NetFlix Original,Crime drama,2022,23-Nov-22,1 h 39 min,Polish
The Swimmers,NetFlix Original,Drama,2022,23-Nov-22,2 h 15 min,English
Who's a Good Boy?,NetFlix Original,Comedy,2022,23-Nov-22,1 h 35 min,Spanish
The Noel Diary,NetFlix Original,Drama,2022,24-Nov-22,1 h 40 min,English
A Man of Action,NetFlix Original,Biopic,2022,30-Nov-22,1 h 51 min,Spanish
Christmas Full of Grace,NetFlix Original,Romantic comedy,2022,30-Nov-22,1 h 45 min,Portuguese
My Name Is Vendetta,NetFlix Original,Thriller,2022,30-Nov-22,1 h 30 min,Italian
Qala,NetFlix Original,Drama,2022,1-Dec-22,1 h 59 min,Hindi
Troll,NetFlix Original,Monster,2022,1-Dec-22,1 h 43 min,Norwegian
Lady Chatterley's Lover,NetFlix Original,Romantic drama,2022,2-Dec-22,2 h 7 min,English
Scrooge: A Christmas Carol,NetFlix Original,Animation,2022,2-Dec-22,1 h 41 min,English
Delivery by Christmas,NetFlix Original,Romantic comedy,2022,6-Dec-22,1 h 40 min,Polish
Burning Patience,NetFlix Original,Drama,2022,7-Dec-22,1 h 30 min,Spanish
The Marriage App,NetFlix Original,Drama,2022,7-Dec-22,1 h 41 min,Spanish
Guillermo del Toro's Pinocchio,NetFlix Original,Stop motion fantasy musical drama,2022,9-Dec-22,1 h 56 min,English
I Believe in Santa,NetFlix Original,Romantic comedy,2022,14-Dec-22,1 h 30 min,English
The Big 4,NetFlix Original,Action comedy,2022,15-Dec-22,2 h 21 min,Indonesian
"Bardo, False Chronicle of a Handful of Truths",NetFlix Original,Comedy,2022,16-Dec-22,2 h 39 min,Spanish
Private Lesson,NetFlix Original,Romantic comedy,2022,16-Dec-22,1 h 29 min,Turkish
A Not So Merry Christmas,NetFlix Original,Comedy,2022,20-Dec-22,1 h 40 min,Spanish
Glass Onion: A Knives Out Mystery,NetFlix Original,Murder mystery,2022,23-Dec-22,2 h 19 min,English
A Night at the Kindergarten,NetFlix Original,Black comedy,2022,28-Dec-22,1 h 37 min,Polish
White Noise,NetFlix Original,Black comedy,2022,30-Dec-22,2 h 16 min,English
