Title,Released,Runtime,Genre,Awards,Metascore,imdbRating,imdbVotes,imdbID,BoxOffice,Language,budget_max,Format
The Strange Ones,2018-01-05,81 min,"Drama, Thriller",5 wins & 11 nominations,57.0,5.1,"2,741",tt6014904,,English,0.0,others
Stratton,2018-01-05,95 min,"Action, Thriller",,26.0,4.8,"5,398",tt3567666,,English,,others
Acts of Violence,2018-01-12,86 min,"Action, Crime, Thriller",,28.0,5.3,"12,708",tt6684714,,English,0.0,others
The Cloverfield Paradox,2018-02-04,102 min,"Action, Adventure, Horror",1 nomination,37.0,5.5,"108,105",tt2548396,,"English, Mandarin, German",45000000.0,netflix
Bad Apples,2018-02-06,85 min,Horror,,,3.2,"1,792",tt7091300,,English,0.0,others
Kri,2018-02-23,138 min,"Action, Drama",1 win & 1 nomination,,5.7,140,tt7528086,,Nepali,0.0,others
Permission,2018-02-09,96 min,"Comedy, Drama, Romance",,62.0,5.3,"4,686",tt5390066,,English,0.0,others
Nostalgia,2022-05-25,117 min,Drama,7 wins & 18 nominations,76.0,6.8,"1,869",tt14034614,,Italian,0.0,others
The Vanishing of Sidney Hall,2018-03-02,119 min,"Drama, Mystery, Romance",,18.0,6.8,"11,273",tt1291566,,English,0.0,others
Pickings,2018-08-03,103 min,"Action, Crime, Drama",9 wins & 15 nominations,,5.1,"1,076",tt4789822,,English,350000.0,others
Josie,2018-03-16,100 min,"Drama, Thriller",2 wins,31.0,5.2,"3,374",tt4682780,,English,0.0,others
Backstabbing for Beginners,2018-04-27,108 min,"Drama, History, Romance",1 nomination,48.0,6.3,"5,514",tt5153288,,"English, Persian, French",0.0,others
Ocean's 8: Reimagining the Met Gala,2018-09-11,13 min,"Documentary, Short",,,7.1,21,tt9108974,,English,,others
The Domestics,2018-06-29,95 min,"Action, Horror, Sci-Fi",,,5.7,"10,216",tt5591666,,English,0.0,others
The Cleanse,2018-05-04,81 min,"Comedy, Drama, Fantasy",6 wins & 4 nominations,58.0,5.1,"3,945",tt3734354,,English,0.0,others
Terminal,2018-05-11,95 min,"Comedy, Crime, Drama",2 nominations,27.0,5.3,"23,518",tt4463816,,English,2700.0,others
In Darkness,2018-05-25,110 min,"Mystery, Thriller",,59.0,5.7,"13,727",tt5164184,,"English, Serbo-Croatian, Russian",0.0,others
Future World,2018-05-25,88 min,"Action, Adventure, Sci-Fi",,10.0,3.2,"6,520",tt5737536,,English,0.0,others
Hot Summer Nights,2018-07-27,107 min,"Crime, Drama, Romance",2 nominations,44.0,6.3,"20,557",tt3416536,,English,0.0,others
Extinction,2018-07-27,95 min,"Action, Drama, Sci-Fi",1 win,40.0,5.8,"54,648",tt3201640,,English,0.0,netflix
Down a Dark Hall,2018-08-17,96 min,"Drama, Fantasy, Horror",1 nomination,56.0,5.0,"14,453",tt2372251,,English,0.0,others
Destination Wedding,2018-09-07,87 min,"Comedy, Drama, Romance",,46.0,6.0,"31,263",tt6987770,,"English, Spanish",0.0,others
Reprisal,2018-10-16,89 min,"Action, Drama, Thriller",,19.0,4.3,"7,805",tt6547170,,English,500.0,others
Hell House LLC II: The Abaddon Hotel,2018-09-20,89 min,"Horror, Mystery",,,5.3,"4,872",tt8707374,,English,0.0,others
My Son,2021-09-15,95 min,"Crime, Drama, Mystery",,,6.0,"12,978",tt13234058,,"English, Gaelic",0.0,others
Power of the Air,2018-10-02,90 min,Drama,,,7.0,79,tt3554938,,English,0.0,others
After Everything,2018-10-12,95 min,"Comedy, Drama, Romance",2 nominations,67.0,6.4,"1,787",tt6688022,,English,0.0,others
The Ballad of Buster Scruggs,2018-11-09,133 min,"Comedy, Drama, Musical",Nominated for 3 Oscars. 7 wins & 42 nominations total,79.0,7.3,"153,067",tt6412452,,"English, French",0.0,netflix
Conundrum: Secrets Among Friends,2023-12-29,112 min,"Drama, Thriller",,,,,tt7251692,,English,,others
Roma,2018-12-14,135 min,Drama,Won 3 Oscars. 252 wins & 219 nominations total,96.0,7.7,"162,589",tt6155172,,"Spanish, Mixtec, English, Japanese, German, French, Norwegian",15000000.0,netflix
Mowgli: Legend of the Jungle,2018-12-07,104 min,"Adventure, Drama, Fantasy",7 nominations,51.0,6.5,"63,529",tt2388771,,"English, Hindi",175000000.0,netflix
The Cabin,2018-12-04,86 min,"Horror, Mystery, Thriller",,,2.8,597,tt5963066,,English,0.0,others
Black Mirror: Bandersnatch,2018-12-28,90 min,"Drama, Fantasy, Mystery",Won 1 Primetime Emmy. 5 wins & 10 nominations total,,7.1,"129,427",tt9495224,,English,0.0,others
Rust Creek,2019-01-04,108 min,"Crime, Drama, Thriller",9 wins,59.0,5.9,"12,284",tt6610158,,English,750000.0,others
American Hangman,2019-01-04,99 min,Thriller,1 nomination,38.0,5.9,"3,635",tt8975028,,English,0.0,others
After Darkness,2019-01-15,98 min,"Drama, Sci-Fi, Thriller",,,3.7,"1,170",tt2728784,,English,0.0,others
Close,2019-01-18,94 min,"Action, Drama, Thriller",1 nomination,51.0,5.7,"25,739",tt5316540,,"Arabic, French, English",0.0,others
The Standoff at Sparrow Creek,2019-01-18,88 min,"Crime, Drama, Thriller",1 win & 1 nomination,62.0,6.1,"4,299",tt5304996,,English,450000.0,others
I Am Mother,2019-06-07,113 min,"Drama, Mystery, Sci-Fi",4 wins & 6 nominations,64.0,6.7,"93,924",tt6292852,,English,0.0,others
The Vast of Night,2020-05-29,91 min,"Drama, Mystery, Sci-Fi",12 wins & 44 nominations,84.0,6.7,"41,055",tt6803046,,English,0.0,others
Velvet Buzzsaw,2019-02-01,113 min,"Horror, Mystery, Thriller",1 win & 3 nominations,61.0,5.7,"63,041",tt7043012,,"English, Chinese, Italian",21000000.0,netflix
High Flying Bird,2019-02-08,90 min,"Drama, Sport",7 nominations,78.0,6.2,"8,915",tt8128188,,English,0.0,netflix
Triple Frontier,2019-03-13,125 min,"Action, Thriller",3 nominations,61.0,6.4,"134,346",tt1488606,,"English, Spanish, Portuguese",0.0,netflix
The Highwaymen,2019-03-29,132 min,"Biography, Crime, Drama",3 nominations,58.0,6.9,"95,195",tt1860242,,"English, Spanish",49000000.0,netflix
Red 11,2018-08-10,86 min,"Horror, Sci-Fi, Thriller",1 nomination,,4.9,484,tt7837402,,English,7000.0,others
Never Grow Old,2019-12-27,100 min,"Drama, Western",3 wins & 3 nominations,65.0,6.0,"4,343",tt1158939,,"English, Italian",12000000.0,others
The Dirt,2019-03-22,107 min,"Biography, Comedy, Drama",1 win,39.0,7.0,"51,829",tt0800325,,English,0.0,netflix
Dragged Across Concrete,2019-03-22,159 min,"Action, Crime, Drama",5 nominations,60.0,6.9,"49,564",tt6491178,,"English, Spanish",15000000.0,others
Unicorn Store,2019-04-05,92 min,"Comedy, Drama, Fantasy",2 nominations,44.0,5.6,"19,958",tt2338454,,English,,netflix
The Haunting of Sharon Tate,2019-04-05,94 min,"Drama, Horror, Thriller",4 wins & 4 nominations,8.0,2.9,"4,218",tt7976208,,English,0.0,others
The Silence,2019-04-10,90 min,"Drama, Horror, Sci-Fi",,25.0,5.3,"47,288",tt7315484,,"English, American Sign ",0.0,others
Someone Great,2019-04-19,92 min,"Comedy, Romance",,63.0,6.1,"23,678",tt8075260,,English,0.0,netflix
I Spit on Your Grave: Deja Vu,2019-04-23,148 min,"Horror, Thriller",,,2.4,"3,066",tt4058836,,English,,others
I Trapped the Devil,2019-04-26,82 min,"Crime, Drama, Fantasy",2 nominations,47.0,4.8,"2,886",tt8708304,,English,1000000.0,others
"Extremely Wicked, Shockingly Evil and Vile",2019-05-03,110 min,"Biography, Crime, Drama",5 wins & 5 nominations,52.0,6.7,"96,807",tt2481498,,English,0.0,others
The Last Summer,2019-05-03,109 min,"Comedy, Romance",3 nominations,,5.5,"13,671",tt7957694,,English,0.0,netflix
The Professor and the Madman,2019-05-10,124 min,"Biography, Drama, History",1 nomination,27.0,7.2,"47,798",tt5932728,,English,25000000.0,others
The Professor,2019-05-17,90 min,"Comedy, Drama",1 nomination,37.0,6.7,"33,979",tt6865690,,"English, Spanish",0.0,others
The Perfection,2019-05-24,90 min,"Drama, Horror, Music",3 wins,60.0,6.2,"46,061",tt7772580,,"English, Mandarin",0.0,netflix
Always Be My Maybe,2019-05-31,101 min,"Comedy, Romance",1 win & 5 nominations,64.0,6.8,"58,354",tt7374948,,English,0.0,netflix
Changeland,2019-06-07,86 min,"Comedy, Drama",,42.0,5.7,"2,431",tt6612946,,"English, Thai",0.0,others
Murder Mystery,2019-06-14,97 min,"Action, Comedy, Crime",1 win & 6 nominations,38.0,6.0,"136,484",tt1618434,,"English, French, Latin, Spanish",24000000.0,netflix
Plus One,2019-06-14,98 min,"Comedy, Drama, Romance",1 win,65.0,6.6,"12,502",tt7645122,,English,0.0,others
Killers Anonymous,2019-09-28,95 min,"Action, Crime, Mystery",,22.0,4.1,"10,076",tt8400758,,English,0.0,others
Escape Plan: The Extractors,2019-07-02,97 min,"Action, Crime, Thriller",1 nomination,,4.4,"15,346",tt6772804,,"English, Chinese, German",3600000.0,others
Darlin',2019-07-12,100 min,"Horror, Thriller",2 nominations,49.0,4.9,"2,097",tt8396294,,English,0.0,others
Skin,2019-07-23,118 min,"Biography, Crime, Drama",1 win & 3 nominations,58.0,6.8,"17,283",tt6043142,,English,50000.0,others
The Red Sea Diving Resort,2019-07-31,129 min,"Drama, History, Thriller",,,6.6,"30,477",tt4995776,,"English, Amharic",0.0,netflix
A Score to Settle,2019-08-02,103 min,"Action, Crime, Drama",1 nomination,37.0,4.7,"6,501",tt3758162,,"English, Spanish, Italian",0.0,others
The Operative,2019-07-24,116 min,"Action, Drama, Mystery",1 win,47.0,5.8,"6,887",tt8000718,,"English, German, Persian, Hebrew, Kurdish, French",0.0,others
Gwen,2019-08-16,84 min,"Drama, History, Horror",3 wins & 16 nominations,63.0,5.7,"5,557",tt5149490,,"English, Welsh",0.0,others
Burn,2019-08-23,88 min,"Comedy, Crime, Thriller",2 wins & 1 nomination,50.0,5.7,"5,411",tt8009314,,English,0.0,others
Itsy Bitsy,2019-12-30,94 min,"Fantasy, Horror, Mystery",1 nomination,,4.7,"5,219",tt6895284,,English,0.0,others
The Fanatic,2020-08-05,88 min,"Crime, Drama, Horror",2 wins & 2 nominations,18.0,4.1,"11,631",tt7869070,,"English, Spanish",18000000.0,others
Satanic Panic,2019-09-06,85 min,"Comedy, Horror",1 win & 4 nominations,51.0,5.6,"6,311",tt8510350,,English,0.0,others
Strange But True,2019-09-06,96 min,Thriller,,55.0,5.9,"5,069",tt2866708,,English,,others
The Obituary of Tunde Johnson,2021-02-26,104 min,Drama,2 wins & 2 nominations,58.0,5.6,672,tt8815382,,English,0.0,others
Tall Girl,2019-09-13,101 min,"Comedy, Drama, Family",2 wins & 1 nomination,,5.2,"24,881",tt9252508,,English,0.0,netflix
Running with the Devil,2019-09-20,100 min,"Crime, Drama, Thriller",,42.0,5.4,"8,911",tt5792656,,"English, Spanish",0.0,others
Fractured,2019-10-11,99 min,Thriller,3 nominations,36.0,6.4,"80,500",tt4332232,,English,0.0,netflix
The Laundromat,2019-09-27,96 min,"Comedy, Crime, Drama",8 nominations,57.0,6.3,"52,590",tt5865326,,"English, Mandarin, Spanish, Russian",0.0,netflix
Prey,2022-08-05,100 min,"Action, Adventure, Drama",2 wins & 26 nominations,71.0,7.1,"202,259",tt11866324,,"English, North American Indian, French",65000000.0,netflix
10 Minutes Gone,2019-09-27,89 min,"Action, Crime, Mystery",,13.0,3.6,"4,065",tt8809652,,English,0.0,others
Dolemite Is My Name,2019-10-25,118 min,"Biography, Comedy, Drama",30 wins & 67 nominations,76.0,7.2,"62,423",tt8526872,,English,0.0,netflix
In the Tall Grass,2019-10-04,101 min,"Horror, Mystery, Sci-Fi",2 wins & 3 nominations,46.0,5.4,"58,789",tt4687108,,English,0.0,netflix
Low Tide,2019-09-05,86 min,"Drama, Thriller",2 nominations,64.0,6.3,"2,888",tt7434324,,English,0.0,others
Little Monsters,2019-10-11,93 min,"Comedy, Horror, Sci-Fi",3 wins & 10 nominations,59.0,6.3,"18,144",tt7390588,,"English, Chinese",0.0,others
The King,2019-11-01,140 min,"Biography, Drama, History",12 wins & 28 nominations,62.0,7.3,"136,144",tt7984766,,"English, French, Latin",0.0,netflix
Polaroid,2019-09-17,88 min,"Drama, Horror, Mystery",,,5.1,"14,860",tt5598292,,English,0.0,others
El Camino: A Breaking Bad Movie,2019-10-11,122 min,"Action, Crime, Drama",Nominated for 4 Primetime Emmys. 4 wins & 24 nominations total,72.0,7.3,"262,472",tt9243946,,"English, Spanish",0.0,netflix
Wounds,2019-10-18,95 min,"Drama, Horror, Mystery",,51.0,4.1,"20,185",tt5913798,,English,0.0,others
The Kill Team,2019-10-25,87 min,"Action, Biography, Drama",,60.0,6.0,"6,241",tt6196936,,English,0.0,others
The Gallows Act II,2019-10-25,99 min,"Horror, Mystery, Thriller",,,4.2,"2,179",tt7473716,,English,0.0,others
The Irishman,2019-11-27,209 min,"Biography, Crime, Drama",Nominated for 10 Oscars. 73 wins & 357 nominations total,94.0,7.8,"398,544",tt1302006,,"English, Italian, Latin, Spanish, German",159000000.0,netflix
Marriage Story,2019-12-06,137 min,"Drama, Romance",Won 1 Oscar. 128 wins & 275 nominations total,94.0,7.9,"320,493",tt7653254,,"English, Spanish",18000000.0,netflix
Let It Snow,2019-11-08,92 min,"Comedy, Romance",1 nomination,51.0,5.8,"23,410",tt1950235,,English,0.0,netflix
Klaus,2019-11-15,96 min,"Animation, Adventure, Comedy",Nominated for 1 Oscar. 11 wins & 26 nominations total,65.0,8.2,"163,581",tt4729430,,"English, Saami",0.0,netflix
Noelle,2019-11-12,100 min,"Adventure, Comedy, Family",1 win,48.0,6.3,"24,065",tt5097410,,"English, American Sign ",0.0,others
The Report,2019-11-15,119 min,"Biography, Crime, Drama",4 wins & 13 nominations,66.0,7.2,"45,910",tt8236336,,English,0.0,others
The Two Popes,2019-12-20,125 min,"Biography, Comedy, Drama",Nominated for 3 Oscars. 11 wins & 57 nominations total,75.0,7.6,"127,201",tt8404614,,"English, Spanish, Italian, Latin, Portuguese, French, German",0.0,netflix
The Aeronauts,2019-12-20,100 min,"Action, Adventure, Drama",11 nominations,60.0,6.6,"34,916",tt6141246,,"English, French, Latin",40000000.0,others
A Million Little Pieces,2019-12-06,113 min,Drama,,45.0,6.2,"3,619",tt0427543,,English,0.0,others
Daniel Isn't Real,2019-12-06,100 min,"Drama, Fantasy, Horror",5 wins & 4 nominations,61.0,6.1,"9,251",tt8745960,,English,0.0,others
Trauma Center,2019-12-06,87 min,"Action, Thriller",,,4.0,"11,449",tt9625664,,"English, Spanish",0.0,others
6 Underground,2019-12-13,128 min,"Action, Thriller",2 wins & 12 nominations,41.0,6.1,"183,119",tt8106534,,"English, Turkmen, Cantonese, Italian, Spanish, Ukrainian, French",150000000.0,netflix
Live from the Red Carpet of Star Wars: The Rise of Skywalker,2019-12-16,126 min,,,,,,tt11464830,,English,,others
Togo,2019-12-20,113 min,"Adventure, Biography, Drama",1 win & 4 nominations,69.0,7.9,"51,272",tt5116302,,English,0.0,netflix
Inherit the Viper,2020-01-10,90 min,Thriller,,39.0,5.2,"1,678",tt7349896,,English,0.0,others
The Sonata,2020-01-10,90 min,"Music, Mystery, Thriller",2 wins & 10 nominations,41.0,5.2,"1,462",tt7149066,,"English, French",0.0,others
The Murder of Nicole Brown Simpson,2019-12-09,82 min,"Crime, Horror, Mystery",,,2.5,"1,797",tt8415352,,English,0.0,others
A Fall from Grace,2020-01-17,120 min,Thriller,2 wins,34.0,5.9,"16,133",tt11390036,,English,0.0,netflix
John Henry,2020-01-24,91 min,"Drama, Thriller",,27.0,3.6,"2,432",tt8170298,,English,0.0,others
Timmy Failure: Mistakes Were Made,2020-02-07,99 min,"Adventure, Comedy, Drama",5 nominations,60.0,6.0,"3,137",tt6820324,,English,45000000.0,others
Horse Girl,2020-02-07,103 min,"Drama, Mystery, Thriller",1 win & 1 nomination,61.0,6.0,"18,581",tt11388406,,English,0.0,netflix
To All the Boys: P.S. I Still Love You,2020-02-12,101 min,"Comedy, Drama, Romance",3 wins & 4 nominations,54.0,6.0,"41,344",tt9354842,,English,0.0,netflix
Spy Intervention,2020-02-14,93 min,"Action, Adventure, Comedy",,,3.9,"1,950",tt7369550,,English,0.0,others
The Last Thing He Wanted,2020-02-21,115 min,"Crime, Drama, Thriller",1 win & 1 nomination,35.0,4.3,"15,991",tt7456312,,"English, Spanish, French",0.0,netflix
The Night Clerk,2020-02-21,90 min,"Crime, Drama, Mystery",,44.0,5.6,"16,841",tt7979142,,English,0.0,others
All the Bright Places,2020-02-28,107 min,"Drama, Romance",1 win,61.0,6.6,"34,194",tt3907584,,English,0.0,netflix
Guns Akimbo,2020-02-28,98 min,"Action, Comedy, Crime",,42.0,6.3,"63,877",tt6902676,,"English, Spanish",0.0,others
Spenser Confidential,2020-03-06,111 min,"Action, Comedy, Crime",2 nominations,49.0,6.2,"91,807",tt8629748,,"English, Hindi",0.0,netflix
The Banker,2020-03-20,120 min,"Biography, Drama",3 wins & 7 nominations,59.0,7.3,"30,671",tt6285944,,English,0.0,others
Lost Girls,2020-03-13,95 min,"Crime, Drama, Mystery",1 win,67.0,6.1,"22,875",tt3111426,,English,0.0,netflix
Big Time Adolescence,2020-03-13,91 min,"Comedy, Drama",1 nomination,64.0,6.9,"14,429",tt3824648,,English,0.0,others
Lost Transmissions,2020-03-13,105 min,Drama,4 wins & 2 nominations,51.0,5.1,"1,114",tt6744360,,English,0.0,others
Uncorked,2020-03-27,104 min,Drama,,62.0,6.4,"6,369",tt9261218,,"English, French",0.0,netflix
Vivarium,2020-03-27,97 min,"Horror, Mystery, Sci-Fi",3 wins & 10 nominations,64.0,5.8,"62,908",tt8368406,,English,3947600.0,others
Love Wedding Repeat,2020-04-10,100 min,"Comedy, Romance",,41.0,5.5,"21,160",tt5096470,,English,0.0,netflix
The Lost Husband,2020-04-10,109 min,"Drama, Romance",1 nomination,49.0,6.1,"5,141",tt4257940,,English,0.0,others
Corona Zombies,2020-04-10,61 min,"Comedy, Horror",2 nominations.,,2.5,689,tt12098392,,English,0.0,others
Sergio,2020-04-17,118 min,"Biography, Drama, History",1 win & 1 nomination,55.0,6.2,"10,352",tt8750570,,"English, Portuguese, Spanish, French",16000000.0,netflix
The Willoughbys,2020-04-22,90 min,"Animation, Adventure, Comedy",16 nominations,68.0,6.3,"20,091",tt5206260,,English,0.0,netflix
Extraction,2020-04-24,116 min,"Action, Thriller",4 wins & 15 nominations,56.0,6.7,"209,700",tt8936646,,"English, Hindi, Bengali",65000000.0,netflix
Braking for Whales,2020-04-24,103 min,"Comedy, Drama",,,4.9,484,tt2305326,,English,0.0,others
Dangerous Lies,2020-04-30,96 min,Thriller,2 wins & 1 nomination,51.0,5.3,"17,773",tt10183816,,English,0.0,netflix
All Day and a Night,2020-05-01,121 min,Drama,2 nominations,60.0,6.0,"4,029",tt3993886,,English,0.0,netflix
The Half of It,2020-05-01,104 min,"Comedy, Drama, Romance",3 wins & 11 nominations,74.0,6.9,"39,660",tt9683478,,"Spanish, English, Mandarin, French, Hindi",0.0,netflix
Arkansas,2020-05-05,117 min,"Crime, Thriller",,55.0,6.0,"13,192",tt9139586,,English,0.0,others
Capone,2020-05-12,103 min,"Biography, Crime, Drama",1 nomination,46.0,4.7,"21,661",tt6199572,,"English, Italian, Spanish",20600000.0,others
The Wrong Missy,2020-05-13,90 min,"Comedy, Romance",5 nominations,33.0,5.7,"41,569",tt9619798,,English,0.0,netflix
Blood and Money,2020-05-15,89 min,"Drama, Thriller",,40.0,5.2,"2,409",tt9248110,,English,475000.0,others
Body Cam,2020-05-18,96 min,"Action, Adventure, Crime",,37.0,5.3,"7,070",tt8179024,,English,0.0,others
The Lovebirds,2020-05-22,86 min,"Action, Comedy, Crime",2 wins & 3 nominations,59.0,6.1,"26,708",tt8851668,,English,0.0,netflix
Inheritance,2020-05-22,111 min,"Drama, Mystery, Thriller",,31.0,5.5,"17,079",tt7923220,,English,0.0,others
Survive the Night,2020-05-22,90 min,"Action, Drama, Thriller",1 nomination,26.0,4.0,"11,567",tt10303324,,English,0.0,others
The Wanting Mare,2021-02-05,89 min,"Drama, Fantasy, Mystery",2 wins,67.0,5.3,546,tt2267554,,English,0.0,others
The High Note,2020-05-29,113 min,"Drama, Music, Romance",1 win & 8 nominations,58.0,6.4,"12,442",tt9308382,,English,0.0,others
Shirley,2020-06-05,107 min,"Biography, Drama, Horror",4 wins & 25 nominations,76.0,6.1,"12,144",tt8430598,,English,0.0,others
The Last Days of American Crime,2020-06-05,148 min,"Action, Crime, Drama",,15.0,3.8,"11,891",tt1552211,,English,0.0,netflix
Think Like a Dog,2020-07-06,91 min,"Comedy, Drama, Family",1 win,,5.2,"1,940",tt5929654,,English,0.0,others
Da 5 Bloods,2020-06-12,154 min,"Adventure, Drama, War",Nominated for 1 Oscar. 41 wins & 198 nominations total,82.0,6.5,"52,777",tt9777644,,"English, Finnish, French, Vietnamese",45000000.0,netflix
Artemis Fowl,2020-06-12,95 min,"Adventure, Family, Fantasy",2 nominations,31.0,4.2,"29,278",tt3089630,,"English, Italian",125000000.0,others
The King of Staten Island,2020-06-12,136 min,"Comedy, Drama",3 wins & 24 nominations,67.0,7.1,"71,383",tt9686708,,English,0.0,others
Sniper: Assassin's End,2020-06-16,95 min,"Action, Thriller",3 nominations.,,5.4,"1,536",tt12305696,,"English, Japanese",0.0,others
You Should Have Left,2020-06-18,93 min,"Horror, Thriller",,46.0,5.4,"22,965",tt8201852,,English,0.0,others
Wasp Network,2020-06-19,127 min,"Crime, Drama, Thriller",1 win & 3 nominations,54.0,5.9,"11,177",tt6760876,,"Spanish, English, Russian, Italian",0.0,others
Feel the Beat,2020-06-19,109 min,"Comedy, Drama, Family",1 win & 3 nominations,,6.3,"12,045",tt10714856,,English,0.0,netflix
7500,2020-06-18,93 min,"Action, Drama, Thriller",2 wins & 8 nominations,58.0,6.3,"30,260",tt6436726,,"English, German, Turkish, Arabic",0.0,others
Athlete A,2020-06-24,103 min,"Documentary, Crime, Sport",4 wins & 9 nominations,85.0,7.6,"11,629",tt11905462,,English,0.0,others
Eurovision Song Contest: The Story of Fire Saga,2020-06-26,123 min,"Comedy, Musical",Nominated for 1 Oscar. 6 wins & 28 nominations total,50.0,6.5,"96,934",tt8580274,,"English, Icelandic, Portuguese",0.0,netflix
Irresistible,2020-06-26,101 min,"Comedy, Drama",1 nomination,47.0,6.3,"21,822",tt9076562,,English,0.0,others
My Spy,2020-06-26,99 min,"Action, Comedy",,46.0,6.3,"32,042",tt8242084,,"English, French, Russian",0.0,others
We Bare Bears: The Movie,2020-06-30,69 min,"Animation, Adventure, Comedy",,,6.7,"2,194",tt10474606,,English,0.0,others
Hamilton,2020-07-03,160 min,"Biography, Drama, History",Won 2 Primetime Emmys. 19 wins & 46 nominations total,89.0,8.4,"99,468",tt8503618,,English,0.0,others
Desperados,2020-07-03,105 min,"Comedy, Romance",1 win,41.0,5.2,"10,716",tt1545304,,English,0.0,netflix
The Old Guard,2020-07-10,125 min,"Action, Thriller",5 wins & 24 nominations,70.0,6.6,"170,607",tt7556122,,"English, Arabic, French, Italian",70000000.0,netflix
Money Plane,2020-07-10,82 min,"Comedy, Crime, Thriller",,,3.2,"5,265",tt7286966,,English,838109.0,others
Greyhound,2020-07-10,91 min,"Action, Drama, History",Nominated for 1 Oscar. 1 win & 23 nominations total,64.0,7.0,"101,679",tt6048922,,English,50300000.0,others
Fatal Affair,2020-07-16,89 min,Thriller,1 win,34.0,4.6,"6,343",tt11057594,,English,0.0,netflix
A Nice Girl Like You,2020-07-17,94 min,"Comedy, Romance",,41.0,5.1,"5,941",tt3278540,,"English, French",6100000.0,others
Ghosts of War,2020-07-17,94 min,"Fantasy, Horror, Thriller",,38.0,5.6,"10,956",tt6508228,,English,0.0,others
The Kissing Booth 2,2020-07-24,134 min,"Comedy, Romance",2 wins,39.0,5.7,"33,630",tt9784456,,English,0.0,netflix
Deep Blue Sea 3,2020-07-29,100 min,"Action, Horror, Sci-Fi",,,4.7,"6,360",tt11946300,,English,5000000.0,others
Black Is King,2020-07-31,85 min,"Adventure, Drama, Fantasy",Won 1 Primetime Emmy. 2 wins & 9 nominations total,84.0,5.8,"9,072",tt12607910,,English,0.0,others
The Secret: Dare to Dream,2020-07-31,107 min,"Drama, Romance",2 nominations,32.0,6.5,"15,138",tt4411584,,English,21000000.0,others
An American Pickle,2020-08-06,88 min,"Comedy, Fantasy",1 win & 1 nomination,58.0,5.7,"24,780",tt9059704,,"English, Hebrew",0.0,others
Waiting for the Barbarians,2020-08-07,112 min,Drama,1 win & 3 nominations,52.0,5.9,"13,074",tt6149154,,English,0.0,others
Project Power,2020-08-14,113 min,"Action, Crime, Sci-Fi",2 wins & 7 nominations,51.0,6.0,"91,867",tt7550000,,"English, Spanish",0.0,netflix
Magic Camp,2020-08-14,100 min,"Comedy, Family, Fantasy",,,6.3,"4,596",tt3979300,,English,24000000.0,others
Boys State,2020-08-14,109 min,Documentary,Won 1 Primetime Emmy. 17 wins & 26 nominations total,84.0,7.6,"5,321",tt11095742,,English,0.0,others
The One and Only Ivan,2020-08-21,95 min,"Adventure, Comedy, Drama",Nominated for 1 Oscar. 2 wins & 5 nominations total,58.0,6.5,"12,751",tt3661394,,English,0.0,others
Hard Kill,2020-08-21,98 min,"Action, Thriller",1 nomination,,3.0,"19,081",tt11656172,,English,0.0,others
Chemical Hearts,2020-08-21,93 min,"Drama, Romance",,57.0,6.3,"13,774",tt5843876,,English,0.0,others
I'm Thinking of Ending Things,2020-09-04,134 min,"Drama, Thriller",15 wins & 110 nominations,78.0,6.6,"90,698",tt7939766,,"English, Spanish",0.0,netflix
Phineas and Ferb the Movie: Candace Against the Universe,2020-08-28,86 min,"Animation, Adventure, Comedy",1 win & 4 nominations,77.0,7.1,"4,845",tt1817232,,English,,others
All Together Now,2020-08-28,92 min,Drama,,64.0,6.5,"4,719",tt3155342,,English,0.0,netflix
Fatima,2020-08-28,113 min,"Drama, War",,50.0,6.6,"3,602",tt2197936,,English,0.0,others
"Love, Guaranteed",2020-09-03,90 min,"Comedy, Romance",1 win & 3 nominations,39.0,5.6,"18,099",tt11100856,,English,0.0,netflix
Critical Thinking,2020-09-04,117 min,Drama,,65.0,6.4,"2,272",tt7870102,,"English, Spanish",0.0,others
The Owners,2021-02-22,92 min,"Comedy, Crime, Horror",1 win & 2 nominations,54.0,4.9,"8,362",tt9806370,,English,0.0,others
Guest House,2020-09-04,84 min,Comedy,,,4.4,"2,344",tt10054316,,,0.0,others
The Babysitter: Killer Queen,2020-09-10,101 min,"Comedy, Horror",2 nominations.,22.0,5.8,"44,804",tt11024272,,English,0.0,netflix
Unpregnant,2020-09-10,103 min,"Comedy, Drama",2 wins & 4 nominations,61.0,6.5,"8,774",tt10556022,,English,0.0,others
The Devil All the Time,2020-09-10,138 min,"Crime, Drama, Thriller",3 nominations,55.0,7.1,"140,688",tt7395114,,English,0.0,others
I Met a Girl,2020-09-11,108 min,"Drama, Romance",1 nomination,,6.1,"1,381",tt9731360,,English,0.0,others
Antebellum,2020-09-18,105 min,"Drama, Horror, Mystery",3 wins & 11 nominations,43.0,5.8,"28,233",tt10065694,,English,15000000.0,others
Blackbird,2020-09-18,97 min,Drama,1 win & 1 nomination,53.0,6.6,"5,166",tt8717446,,English,0.0,others
Killian,2018-01-01,,"Short, Sci-Fi",,,,,tt7509158,,English,,others
Enola Holmes,2020-09-23,123 min,"Action, Adventure, Crime",4 wins & 11 nominations,68.0,6.6,"200,857",tt7846844,,English,21000000.0,others
The Trial of the Chicago 7,2020-10-16,129 min,"Drama, History, Thriller",Nominated for 6 Oscars. 58 wins & 191 nominations total,76.0,7.7,"182,304",tt1070874,,"English, Latin, French",35000000.0,netflix
Secret Society of Second Born Royals,2020-09-25,99 min,"Action, Adventure, Comedy",4 nominations,34.0,4.9,"5,661",tt10324122,,English,0.0,others
Sightless,2020-09-28,89 min,"Drama, Thriller",,,5.5,"9,266",tt10303430,,"English, Spanish, French",0.0,others
The Boys in the Band,2020-09-30,121 min,Drama,1 win & 5 nominations,70.0,6.8,"16,517",tt10199914,,English,0.0,netflix
The Glorias,2020-09-30,147 min,"Biography, Drama, History",5 nominations,58.0,5.9,"3,422",tt7435316,,English,0.0,others
On the Rocks,2020-10-23,96 min,"Comedy, Drama, Romance",2 wins & 40 nominations,73.0,6.4,"33,591",tt9606374,,English,0.0,others
Spontaneous,2020-10-02,101 min,"Comedy, Drama, Horror",1 win & 2 nominations,78.0,6.5,"16,001",tt5774062,,English,0.0,others
Vampires vs. the Bronx,2020-10-02,85 min,"Comedy, Horror",,76.0,5.7,"10,479",tt8976576,,"English, Spanish",0.0,netflix
Death of Me,2020-10-02,94 min,"Horror, Mystery, Thriller",,31.0,4.4,"6,761",tt1830643,,"English, Thai",0.0,others
American Pie Presents: Girls' Rules,2020-10-06,95 min,Comedy,,,3.8,"6,121",tt11771594,,English,0.0,others
The Lie,2020-10-06,97 min,"Drama, Thriller",1 win,45.0,5.8,"18,127",tt7945440,,English,0.0,others
Black Box,2020-10-06,100 min,"Horror, Mystery, Sci-Fi",2 nominations,62.0,6.2,"15,650",tt12298506,,English,10722240.0,others
Hubie Halloween,2020-10-07,103 min,"Comedy, Mystery",6 nominations,53.0,5.2,"53,192",tt10682266,,English,14000000.0,netflix
Books of Blood,2020-10-07,107 min,"Drama, Horror, Mystery",,42.0,5.6,"8,358",tt11242218,,English,0.0,others
Charm City Kings,2020-10-08,125 min,Drama,1 win & 3 nominations,62.0,6.6,"2,693",tt9048840,,English,0.0,others
A Rainy Day in New York,2020-11-10,92 min,"Comedy, Romance",3 wins,38.0,6.5,"46,426",tt7139936,,English,25000000.0,others
Nocturne,2020-10-13,90 min,"Drama, Horror, Music",1 nomination,58.0,5.7,"9,994",tt11044858,,English,350000.0,others
Evil Eye,2020-10-13,90 min,"Horror, Mystery, Thriller",1 win & 1 nomination,54.0,4.8,"3,919",tt12882620,,"English, Hindi",1704500.0,others
A Babysitter's Guide to Monster Hunting,2020-10-15,98 min,"Comedy, Family, Fantasy",2 wins & 2 nominations,31.0,5.4,"4,478",tt4844150,,English,0.0,netflix
Clouds,2020-10-16,121 min,"Biography, Drama, Music",2 wins & 2 nominations,55.0,7.5,"10,841",tt6473066,,English,0.0,others
The Devil Has a Name,2020-10-16,97 min,"Drama, Thriller",,50.0,5.5,"1,264",tt7894510,,English,0.0,others
The Opening Act,2020-10-16,90 min,Comedy,,,6.0,"1,109",tt8633748,,English,0.0,others
Tremors: Shrieker Island,2020-10-20,103 min,"Action, Adventure, Comedy, Horror, Sci-Fi, Thriller",,,5.5,"3,197",tt8322060,,English,0.0,others
Over the Moon,2020-10-23,95 min,"Animation, Adventure, Comedy",Nominated for 1 Oscar. 3 wins & 61 nominations total,60.0,6.3,"23,483",tt7488208,,"English, Chinese, Hindi",0.0,netflix
Borat Subsequent Moviefilm,2020-10-23,95 min,Comedy,Nominated for 2 Oscars. 38 wins & 64 nominations total,68.0,6.6,"144,633",tt13143964,,"English, Bulgarian, Hebrew, Romanian, Croatian",0.0,others
Bad Hair,2020-10-23,102 min,"Comedy, Horror, Music",1 win & 3 nominations,61.0,5.6,"3,936",tt4798836,,,0.0,others
Friendsgiving,2020-10-23,95 min,"Comedy, Drama",1 nomination,,4.4,"3,381",tt8431078,,English,0.0,others
The Craft: Legacy,2020-10-28,97 min,"Drama, Fantasy, Horror",1 win & 1 nomination,54.0,4.5,"14,661",tt4685762,,English,18000000.0,others
Holidate,2020-10-28,104 min,"Comedy, Romance",1 win,44.0,6.1,"71,163",tt9866072,,"English, Mandarin",0.0,netflix
His House,2020-10-30,93 min,"Drama, Horror, Thriller",Won 1 BAFTA Award8 wins & 37 nominations total,72.0,6.5,"43,955",tt8508734,,"English, Dinka",0.0,netflix
Jungleland,2020-11-06,90 min,Drama,1 nomination,53.0,6.2,"6,578",tt8710596,,English,0.0,others
Hillbilly Elegy,2020-11-24,116 min,Drama,Nominated for 2 Oscars. 5 wins & 33 nominations total,38.0,6.7,"43,962",tt6772802,,English,0.0,netflix
Mank,2020-12-04,131 min,"Biography, Comedy, Drama",Won 2 Oscars. 58 wins & 269 nominations total,79.0,6.8,"77,724",tt10618286,,"English, German, Latin",25000000.0,netflix
Jingle Jangle: A Christmas Journey,2020-11-13,122 min,"Family, Fantasy, Musical",4 wins & 22 nominations,69.0,6.4,"19,602",tt7736496,,English,0.0,netflix
Dreamland,2020-11-17,98 min,"Drama, Thriller",1 nomination,57.0,5.8,"7,367",tt5294522,,English,0.0,others
The Life Ahead,2020-11-13,94 min,Drama,Nominated for 1 Oscar. 14 wins & 36 nominations total,66.0,6.8,"14,727",tt10627584,,"Italian, Spanish, Hebrew, Romanian",0.0,netflix
Chick Fight,2020-11-13,97 min,"Action, Comedy, Drama",,39.0,4.8,"4,156",tt10944486,,English,0.0,others
The Princess Switch: Switched Again,2020-11-19,96 min,"Comedy, Drama, Family",1 win & 1 nomination,,5.4,"12,440",tt11199410,,English,10000000.0,netflix
Run,2020-11-20,90 min,"Mystery, Thriller",3 wins & 5 nominations,67.0,6.7,"84,374",tt8633478,,English,1700000.0,others
Sound of Metal,2020-12-04,120 min,"Drama, Music",Won 2 Oscars. 91 wins & 177 nominations total,82.0,7.7,"134,856",tt5363618,,"English, American Sign , French, Persian",0.0,others
Jiu Jitsu,2020-11-20,102 min,"Action, Sci-Fi, Thriller",,27.0,2.9,"9,248",tt9624766,,"English, Burmese",23000000.0,others
Happiest Season,2020-11-25,102 min,Drama,3 wins & 4 nominations,69.0,6.6,"43,231",tt8522006,,English,0.0,others
Ma Rainey's Black Bottom,2020-12-18,94 min,"Drama, Music",Won 2 Oscars. 84 wins & 192 nominations total,87.0,6.9,"55,056",tt10514222,,English,0.0,netflix
Uncle Frank,2020-11-25,95 min,"Comedy, Drama",Nominated for 1 Primetime Emmy. 7 wins & 13 nominations total,58.0,7.3,"21,328",tt11327514,,"English, Arabic",0.0,others
Folklore: The Long Pond Studio Sessions,2020-11-25,105 min,"Documentary, Drama, Music",,,8.4,"3,841",tt13524234,,English,0.0,others
Superintelligence,2020-11-26,106 min,"Action, Comedy, Romance",1 nomination,41.0,5.4,"11,566",tt7178640,,English,0.0,others
Life in a Year,2020-11-27,107 min,"Drama, Romance",,,6.1,"9,382",tt6598238,,English,0.0,others
The Prom,2020-12-11,130 min,"Comedy, Drama, Musical",5 wins & 29 nominations,55.0,5.9,"27,949",tt10161886,,English,0.0,netflix
Godmothered,2020-12-04,110 min,"Comedy, Drama, Family",1 win & 2 nominations,49.0,6.1,"13,126",tt11681250,,"English, Latin",0.0,others
Wander,2020-12-04,94 min,Thriller,,54.0,4.9,"8,987",tt9689696,,English,0.0,others
Black Bear,2020-12-04,104 min,"Comedy, Drama",2 wins & 15 nominations,79.0,6.5,"13,993",tt9601220,,English,0.0,others
Let Them All Talk,2020-12-10,113 min,"Comedy, Drama",1 win & 5 nominations,72.0,6.1,"11,948",tt10808832,,English,0.0,others
The Midnight Sky,2020-12-23,118 min,"Adventure, Drama, Sci-Fi",Nominated for 1 Oscar. 5 wins & 46 nominations total,58.0,5.7,"85,629",tt10539608,,English,0.0,netflix
Songbird,2020-12-11,84 min,"Drama, Sci-Fi, Thriller",,27.0,4.8,"10,797",tt12592252,,"English, Spanish",16252.0,others
Safety,2020-12-11,122 min,"Biography, Drama, Sport",2 nominations,55.0,6.8,"4,309",tt10649016,,English,0.0,others
Wander Darkly,2020-12-11,97 min,Drama,1 win & 2 nominations,66.0,5.8,"1,715",tt8902978,,"English, Spanish",0.0,others
I'm Your Woman,2020-12-11,120 min,"Crime, Drama",2 wins & 4 nominations,63.0,6.2,"9,375",tt10243992,,English,0.0,others
The Stand In,2020-12-11,101 min,"Comedy, Drama",1 nomination,38.0,4.7,"3,749",tt7970348,,English,0.0,others
Greenland,2020-12-18,119 min,"Action, Thriller",1 win & 2 nominations,64.0,6.4,"122,120",tt7737786,,"English, Spanish, Russian",34000000.0,others
Skylines,2020-12-18,113 min,"Action, Adventure, Sci-Fi",1 win,46.0,4.7,"8,558",tt9387250,,English,70000000.0,others
"Ariana Grande: Excuse Me, I Love You",2020-12-21,97 min,"Documentary, Music",1 nomination,,6.3,"2,757",tt13615386,,English,,others
Sylvie's Love,2020-12-23,114 min,"Drama, Music, Romance",Nominated for 1 Primetime Emmy. 6 wins & 27 nominations total,74.0,6.8,"6,130",tt9827834,,English,0.0,others
Soul,2020-12-25,100 min,"Animation, Adventure, Comedy",Won 2 Oscars. 124 wins & 93 nominations total,83.0,8.0,"339,872",tt2948372,,"English, Korean, Inuktitut",150000000.0,others
We Can Be Heroes,2020-12-25,100 min,"Action, Comedy, Drama",1 nomination,51.0,4.7,"15,672",tt10600398,,English,0.0,netflix
One Night in Miami...,2021-01-08,114 min,Drama,Nominated for 3 Oscars. 69 wins & 182 nominations total,83.0,7.1,"32,906",tt10612922,,"English, Arabic",0.0,others
Pieces of a Woman,2021-01-07,126 min,Drama,Nominated for 1 Oscar. 9 wins & 64 nominations total,66.0,7.0,"52,148",tt11161474,,English,0.0,netflix
The White Tiger,2021-01-22,125 min,"Crime, Drama",Nominated for 1 Oscar. 1 win & 12 nominations total,76.0,7.1,"62,234",tt6571548,,"Hindi, English",0.0,netflix
Locked Down,2021-01-14,118 min,"Comedy, Crime, Romance",,42.0,5.2,"12,780",tt13061914,,English,10000000.0,others
The Dig,2021-01-29,112 min,"Biography, Drama, History",Nominated for 5 BAFTA 3 wins & 10 nominations total,73.0,7.1,"77,418",tt3661210,,English,0.0,netflix
Outside the Wire,2021-01-15,114 min,"Action, Adventure, Fantasy",,45.0,5.4,"43,696",tt10451914,,"English, Ukrainian, Russian",0.0,netflix
The Ultimate Playlist of Noise,2021-01-15,99 min,"Comedy, Drama, Music",1 win & 1 nomination,,6.6,"1,004",tt11268742,,English,0.0,others
Don't Tell a Soul,2021-01-15,83 min,"Drama, Thriller",,45.0,5.9,"4,745",tt8046498,,English,0.0,others
Born a Champion,2021-01-22,112 min,"Action, Drama, Sport",,,6.8,"4,237",tt10661710,,English,0.0,others
Penguin Bloom,2021-01-27,95 min,"Biography, Drama",2 wins & 12 nominations,54.0,6.8,"11,191",tt6317656,,English,0.0,others
Finding 'Ohana,2021-01-29,123 min,"Action, Adventure, Comedy",1 win & 2 nominations,69.0,6.1,"10,782",tt10332588,,"English, Hawaiian, Spanish",,others
Palmer,2021-01-29,110 min,Drama,3 nominations,53.0,7.2,"37,363",tt6857376,,English,0.0,others
Falling,2021-02-05,112 min,Drama,4 wins & 19 nominations,63.0,6.5,"6,351",tt9143112,,"English, Spanish",0.0,others
Bliss,2021-02-05,103 min,"Drama, Romance, Sci-Fi",1 win & 2 nominations,40.0,5.3,"18,733",tt10333426,,English,0.0,others
Son of the South,2021-02-05,105 min,"Biography, Drama",,60.0,6.2,"2,095",tt2235372,,English,0.0,others
PVT CHAT,2021-02-09,86 min,Drama,,61.0,5.9,"1,644",tt8110004,,English,,others
Music,2021-02-12,107 min,"Drama, Musical",4 wins & 3 nominations,23.0,3.2,"8,356",tt7541720,,"English, Mandarin",16000000.0,others
Breaking News in Yuba County,2021-02-12,96 min,"Comedy, Drama, Thriller",,24.0,5.8,"6,528",tt7737640,,English,0.0,others
Barb and Star Go to Vista Del Mar,2021-02-12,107 min,Comedy,3 wins & 20 nominations,64.0,6.3,"18,586",tt3797512,,English,,others
To All the Boys: Always and Forever,2021-02-12,109 min,"Comedy, Drama, Romance",2 wins & 2 nominations,65.0,6.3,"28,423",tt10676012,,English,0.0,netflix
The Map of Tiny Perfect Things,2021-02-12,98 min,"Comedy, Fantasy, Romance",1 nomination,61.0,6.8,"24,489",tt11080108,,English,0.0,others
Fear of Rain,2021-02-12,109 min,"Drama, Horror, Thriller",1 nomination,,5.9,"8,544",tt10037014,,English,0.0,others
I Care a Lot,2021-02-19,118 min,"Comedy, Crime, Drama",1 win & 6 nominations,66.0,6.3,"136,431",tt9893250,,English,0.0,others
Silk Road,2021-02-19,112 min,"Crime, Drama, Thriller",,41.0,6.0,"6,070",tt7937254,,English,5900000.0,others
The United States vs. Billie Holiday,2021-02-26,126 min,"Biography, Drama, Music",Nominated for 1 Oscar. 11 wins & 25 nominations total,52.0,6.3,"13,816",tt8521718,,"English, Italian, German",0.0,others
Cherry,2021-03-12,142 min,"Biography, Crime, Drama",3 wins & 4 nominations,44.0,6.6,"33,931",tt9130508,,English,40000000.0,others
Billie Eilish: The World's a Little Blurry,2021-02-26,140 min,"Documentary, Biography, Music",Nominated for 4 Primetime Emmys. 18 nominations total,70.0,7.7,"8,218",tt11459366,,English,0.0,others
Moxie,2021-03-03,111 min,"Comedy, Drama, Music",,54.0,6.7,"26,649",tt6432466,,English,0.0,netflix
Coming 2 America,2021-03-05,110 min,Comedy,Nominated for 1 Oscar. 6 wins & 11 nominations total,52.0,5.3,"71,920",tt6802400,,English,60000000.0,others
Boss Level,2021-03-05,100 min,"Action, Adventure, Comedy",,56.0,6.8,"71,436",tt7638348,,English,45000000.0,others
Yes Day,2021-03-12,86 min,"Comedy, Family",2 nominations,46.0,5.7,"26,723",tt8521876,,"English, Spanish",0.0,netflix
Cosmic Sin,2021-03-12,88 min,"Action, Sci-Fi",1 nomination,9.0,2.5,"14,018",tt11762434,,English,20000000.0,others
Zack Snyder's Justice League,2021-03-18,242 min,"Action, Adventure, Fantasy",5 wins & 6 nominations,54.0,8.0,"407,353",tt12361974,,"English, Icelandic, French",70000000.0,others
Happily,2021-03-19,96 min,"Comedy, Crime, Romance",1 nomination,58.0,5.3,"4,040",tt9849004,,English,0.0,others
Bad Trip,2021-03-26,86 min,Comedy,1 nomination,61.0,6.5,"25,889",tt9684220,,English,0.0,netflix
The Seventh Day,2021-03-26,87 min,"Horror, Mystery",1 nomination,43.0,4.5,"4,953",tt11263022,,English,0.0,others
Concrete Cowboy,2021-04-02,111 min,"Drama, Western",1 win & 3 nominations,67.0,6.3,"9,157",tt8846176,,English,0.0,netflix
Every Breath You Take,2021-04-02,105 min,"Drama, Mystery, Thriller",,32.0,5.3,"6,027",tt2231874,,English,0.0,others
Dawn of the Beast,2021-04-02,82 min,"Horror, Mystery",,,4.1,899,tt13430932,,English,0.0,others
Thunder Force,2021-04-09,106 min,"Action, Adventure, Comedy",1 nomination,34.0,4.5,"43,318",tt10121392,,English,0.0,netflix
Arlo the Alligator Boy,2021-04-16,90 min,"Animation, Adventure, Comedy",6 nominations,,6.4,"1,185",tt13454122,,English,0.0,netflix
Stowaway,2021-04-22,116 min,"Adventure, Sci-Fi, Thriller",,63.0,5.6,"48,200",tt9203694,,English,10000000.0,others
The Mitchells vs the Machines,2021-04-30,114 min,"Animation, Adventure, Comedy",Nominated for 1 Oscar. 46 wins & 58 nominations total,81.0,7.6,"114,198",tt7979580,,English,,others
Vanquish,2021-04-16,94 min,"Action, Thriller",1 win & 2 nominations,22.0,2.9,"4,644",tt5932368,,"English, French, German",0.0,others
The Deep Ones,2020-09-19,83 min,"Horror, Sci-Fi",5 wins,,4.1,727,tt11548850,,"English, Finnish, Swiss German",500000.0,others
Things Heard & Seen,2021-04-29,121 min,"Drama, Horror, Mystery",1 win,49.0,5.3,"33,093",tt10962368,,English,0.0,netflix
Without Remorse,2021-04-30,109 min,"Action, Thriller, War",1 nomination,41.0,5.8,"60,442",tt0499097,,English,,others
The Virtuoso,2021-04-30,110 min,"Action, Thriller",,24.0,4.9,"8,312",tt4136456,,English,0.0,others
Above Suspicion,2021-05-07,104 min,"Action, Biography, Crime",,46.0,5.7,"6,821",tt5688068,,English,0.0,others
Reboot Camp,2021-05-04,97 min,Comedy,7 wins,,4.7,"1,842",tt11111286,,English,0.0,others
Benny Loves You,2021-02-15,94 min,"Comedy, Fantasy, Horror",3 wins & 4 nominations,,5.6,"2,513",tt3917506,,English,10000.0,others
Oxygen,2021-05-12,100 min,"Drama, Fantasy, Sci-Fi",1 nomination,67.0,6.5,"40,634",tt6341832,,French,6800.0,netflix
Army of the Dead,2021-05-21,148 min,"Action, Crime, Drama",1 win & 4 nominations,57.0,5.7,"176,911",tt0993840,,"Bable, Polish, English, Spanish, German, French",0.0,netflix
The Woman in the Window,2021-05-14,100 min,"Crime, Drama, Mystery",6 nominations,41.0,5.7,"77,990",tt6111574,,English,4000000.0,netflix
Georgetown,2021-05-14,99 min,"Biography, Crime, Drama",,49.0,6.2,"4,577",tt4669252,,English,0.0,others
616 Wilford Lane,2021-05-18,85 min,Horror,,,4.2,448,tt10225926,,English,0.0,others
Blast Beat,2020-01-26,105 min,Drama,1 win & 2 nominations,53.0,5.3,281,tt10767066,,"English, Spanish",0.0,others
Flashback,2021-06-04,97 min,"Drama, Mystery, Thriller",3 nominations,49.0,5.3,"6,510",tt8372094,,English,0.0,others
Under the Stadium Lights,2021-06-04,109 min,"Action, Drama, Sport",,31.0,3.9,432,tt6384920,,English,0.0,others
Grace and Grit,2021-06-04,111 min,"Biography, Drama, Romance",,,5.1,317,tt3910630,,English,6000000.0,others
Infinite,2021-06-10,106 min,"Action, Sci-Fi, Thriller",1 win & 3 nominations,28.0,5.4,"54,481",tt6654210,,English,0.0,others
Wish Dragon,2021-06-11,98 min,"Animation, Adventure, Comedy",4 nominations,59.0,7.2,"29,009",tt5562070,,English,0.0,others
Luca,2021-06-18,95 min,"Animation, Adventure, Comedy",Nominated for 1 Oscar. 4 wins & 78 nominations total,71.0,7.4,"170,435",tt12801262,,"English, Italian",200000000.0,others
Fatherhood,2021-06-18,109 min,"Comedy, Drama",1 nomination,53.0,6.6,"39,758",tt4733624,,English,0.0,others
The Birthday Cake,2021-06-18,93 min,"Crime, Thriller",,58.0,4.3,"1,684",tt10719958,,English,0.0,others
Love Spreads,2021-06-18,93 min,Comedy,,,3.6,181,tt11777510,,English,0.0,others
A Crime on the Bayou,2021-06-18,91 min,Documentary,2 nominations,81.0,6.5,96,tt10837932,,English,0.0,others
Good on Paper,2021-06-23,92 min,"Comedy, Romance",,54.0,5.6,"12,956",tt8231668,,English,0.0,netflix
The Ice Road,2021-06-25,109 min,"Action, Adventure, Thriller",2 nominations,42.0,5.6,"43,193",tt3758814,,English,0.0,others
False Positive,2021-06-25,92 min,"Horror, Mystery, Thriller",,54.0,4.7,"6,481",tt10096842,,English,0.0,others
Mary J Blige's My Life,2021-06-25,82 min,Documentary,3 nominations,56.0,6.6,603,tt11383348,,English,,others
Rollers,2021-06-25,,Comedy,,,,48,tt9124868,,English,0.0,others
America: The Motion Picture,2021-06-30,98 min,"Animation, Action, Adventure",,38.0,5.6,"6,837",tt6733874,,English,0.0,netflix
No Sudden Move,2021-07-01,115 min,"Crime, Drama, Mystery",,76.0,6.4,"37,183",tt11525644,,English,0.0,others
The Tomorrow War,2021-07-02,138 min,"Action, Adventure, Drama",8 nominations,45.0,6.5,"211,583",tt9777666,,English,200000000.0,others
Fear Street: Part One - 1994,2021-07-02,107 min,"Drama, Horror, Mystery",2 wins & 1 nomination,67.0,6.2,"84,897",tt6566576,,English,,others
Till Death,2021-07-02,88 min,Thriller,,66.0,5.8,"23,409",tt11804152,,English,0.0,others
Let Us In,2021-07-02,84 min,"Horror, Sci-Fi",,56.0,4.4,627,tt10533804,,English,0.0,others
Fear Street: Part Two - 1978,2021-07-09,109 min,"Drama, Horror, Mystery",1 win & 2 nominations,61.0,6.7,"67,914",tt9701940,,English,,others
Gunpowder Milkshake,2021-07-14,114 min,"Action, Crime, Thriller",4 nominations,47.0,6.0,"46,876",tt8368408,,"English, Russian",30000000.0,others
Fear Street: Part Three - 1666,2021-07-16,114 min,"Horror, Mystery",1 win & 1 nomination,68.0,6.6,"56,279",tt9701942,,English,,others
Die in a Gunfight,2021-07-16,92 min,"Action, Comedy, Crime",,23.0,4.4,"3,058",tt1697800,,"English, Latin, French",0.0,others
Out of Death,2021-07-16,96 min,"Crime, Thriller",1 nomination,,3.3,"5,243",tt12528166,,English,0.0,others
How It Ends,2018-07-13,113 min,"Action, Drama, Horror",5 nominations,36.0,5.0,"55,180",tt5246700,,English,20000000.0,netflix
Trollhunters: Rise of the Titans,2021-07-21,104 min,"Animation, Action, Adventure",4 nominations,,6.6,"5,382",tt12851396,,"English, Mandarin, Portuguese",0.0,netflix
Jolt,2021-07-23,91 min,"Action, Comedy, Crime",1 win,48.0,5.6,"32,755",tt10228134,,English,0.0,others
Midnight in the Switchgrass,2021-07-23,99 min,"Action, Crime, Thriller",2 nominations,24.0,4.5,"8,658",tt11656220,,English,15000000.0,others
Broken Diamonds,2021-07-23,90 min,Drama,1 win & 1 nomination,34.0,5.6,292,tt6484398,,English,0.0,others
Val,2021-08-06,109 min,"Documentary, Biography",3 wins & 23 nominations,73.0,7.6,"13,303",tt14731254,,English,0.0,others
Vivo,2021-08-06,95 min,"Animation, Adventure, Comedy",1 win & 17 nominations,66.0,6.7,"19,908",tt6338498,,"English, Spanish",0.0,others
Ride the Eagle,2021-07-30,88 min,"Comedy, Drama",,54.0,6.3,"3,273",tt14673560,,English,0.0,others
The Evening Hour,2021-07-13,114 min,Drama,3 nominations,47.0,5.4,313,tt5554356,,English,0.0,others
Swan Song,2021-12-17,116 min,"Drama, Romance, Sci-Fi",Nominated for 1 BAFTA Award2 wins & 11 nominations total,66.0,6.8,"15,238",tt13207508,,English,0.0,others
She Ball,2022-05-09,97 min,"Comedy, Drama, Sport",4 nominations,,3.2,415,tt7768784,,English,0.0,others
The Kissing Booth 3,2021-08-11,112 min,"Comedy, Romance",,36.0,4.8,"18,424",tt12783454,,English,0.0,netflix
Homeroom,2021-08-12,90 min,Documentary,2 wins & 4 nominations,68.0,5.7,266,tt13622168,,English,0.0,others
Beckett,2021-08-13,110 min,"Action, Crime, Drama",1 nomination,52.0,5.7,"27,020",tt10230994,,"English, Greek",0.0,netflix
CODA,2021-08-13,111 min,"Comedy, Drama, Music",Won 3 Oscars. 65 wins & 140 nominations total,72.0,8.0,"143,193",tt10366460,,"American Sign , English",10000000.0,others
